date,time,x_edge_location,sc_bytes,c_ip,cs_method,cs_host,cs_uri_stem,sc_status,cs_referer,cs_user_agent,cs_uri_query,cs_cookie,x_edge_result_type,x_edge_request_id,x_host_header,cs_protocol,cs_bytes,time_taken,x_forwarded_for,ssl_protocol,ssl_cipher,x_edge_response_result_type,cs_protocol_version,fle_status,fle_encrypted_fields,c_port,time_to_first_byte,x_edge_detailed_result_type,sc_content_type,sc_content_len,sc_range_start,sc_range_end
2025-07-02,13:15:14,DAE507-E7,96408,83.61.145.197,OPTIONS,d8bnainxtot1t.cloudfront.net,tag/categories,301,http://young-wilson.biz/blogterms.html,"Mozilla/5.0 (Macintosh; U; PPC Mac OS X 10_12_0) AppleWebKit/532.0 (KHTML, like Gecko) Chrome/48.0.865.0 Safari/532.0",about,nan,LimitExceeded,26f5852c-bf53-4ec1-9802-67225f05d17e,archivesnationales-ht.com,HTTP,1389,0.485,221.225.34.44,TLSv1.3,None,Miss,HTTP/1.1,Processed,nan,1337,0.236,Miss,text/html,108997,,
2025-07-02,19:50:07,ECD830-E7,84538,139.101.199.58,POST,d8bnainxtot1t.cloudfront.net,categories/tag/posts,403,https://carr.com/blog/tag/categorysearch.php,"Mozilla/5.0 (Macintosh; U; Intel Mac OS X 10_5_1) AppleWebKit/536.2 (KHTML, like Gecko) Chrome/45.0.836.0 Safari/536.2",,nan,LimitExceeded,75d041e9-8de7-4c82-a203-0dcf4d490abe,archivesnationales-ht.com,HTTPS,4386,1.327,169.149.80.235,TLSv1.3,ECDHE-RSA-AES128-GCM-SHA256,Error,HTTP/2.0,Processed,nan,21955,0.476,BadGateway,image/jpeg,175362,223,1289
2025-07-02,11:32:56,BBB862-E8,67505,104.133.200.158,POST,d8bnainxtot1t.cloudfront.net,blog,500,http://www.gonzalez.com/tagsauthor.htm,Mozilla/5.0 (compatible; MSIE 7.0; Windows 95; Trident/5.0),login,nan,Error,4deb1347-7135-46f3-955e-37a280937875,archivesnationales-ht.com,HTTPS,1308,0.279,12.155.145.64,None,None,Miss,HTTP/1.1,Processed,nan,32079,0.057,Hit,text/css,35212,,
2025-07-02,01:11:49,FAC903-E7,77242,222.85.1.179,PUT,d8bnainxtot1t.cloudfront.net,main/list,403,http://www.doyle.net/categorieshomepage.php,Opera/8.11.(X11; Linux i686; st-ZA) Presto/2.9.190 Version/10.00,,nan,LimitExceeded,a3d7ff1d-c7ba-4444-b3c2-6e5dbc57b857,archivesnationales-ht.com,HTTP,3581,2.191,161.44.183.108,TLSv1.2,AES256-GCM-SHA384,LimitExceeded,HTTP/2.0,,nan,16353,0.775,LambdaExecutionError,text/html,22189,530,1305
2025-07-02,23:55:10,EAF639-E6,35050,204.104.210.142,DELETE,d8bnainxtot1t.cloudfront.net,app/categories/category,200,nan,"Mozilla/5.0 (Windows NT 10.0) AppleWebKit/534.2 (KHTML, like Gecko) Chrome/25.0.806.0 Safari/534.2",,38145e6ef1f30cffb9b007eafe8cca84,Miss,ef45fb13-3984-40d0-850a-af98f9551adc,archivesnationales-ht.com,HTTPS,512,0.33,193.9.119.147,TLSv1.2,ECDHE-RSA-AES128-GCM-SHA256,Miss,HTTP/1.1,Failed,respond,52151,0.969,Miss,application/json,138774,,
2025-07-02,18:10:15,FFC137-E1,59020,149.5.34.210,GET,d8bnainxtot1t.cloudfront.net,list,301,http://davis.com/tagauthor.html,Opera/9.38.(Windows NT 5.1; lo-LA) Presto/2.9.182 Version/10.00,,780633c416ae1f77c63e519c9553d86d,Hit,f139c4d6-b462-4d49-a87e-45335ec16551,archivesnationales-ht.com,HTTPS,2422,1.947,171.250.84.193,None,None,Error,HTTP/1.1,Processed,nan,33146,0.713,Miss,application/javascript,22721,464,
2025-07-02,16:40:51,FFD276-E0,2217,131.4.169.134,HEAD,d8bnainxtot1t.cloudfront.net,blog/wp-content,200,https://maxwell.info/explore/mainprivacy.jsp,"Mozilla/5.0 (iPod; U; CPU iPhone OS 3_3 like Mac OS X; an-ES) AppleWebKit/534.38.1 (KHTML, like Gecko) Version/3.0.5 Mobile/8B111 Safari/6534.38.1",,250eb978b789cfadfd8a57da90c67d95,LimitExceeded,87812bda-718f-45c8-b414-351c8a71fc69,archivesnationales-ht.com,HTTPS,4534,1.126,207.217.33.104,TLSv1.2,ECDHE-RSA-AES128-GCM-SHA256,Error,HTTP/2.0,,nan,55849,0.459,BadGateway,application/javascript,299832,,
2025-07-02,14:47:52,BCC066-E2,67531,194.78.139.198,DELETE,d8bnainxtot1t.cloudfront.net,main/tags/explore,200,https://conner.info/categorieshomepage.php,"Mozilla/5.0 (Windows NT 10.0) AppleWebKit/535.2 (KHTML, like Gecko) Chrome/41.0.890.0 Safari/535.2",,1ab0f980c171a5d52c3798003f6eb4ce,Miss,82a9ebf9-307b-4300-a252-b92be7c2abc5,archivesnationales-ht.com,HTTPS,982,2.337,nan,TLSv1.3,ECDHE-RSA-AES128-GCM-SHA256,Error,HTTP/2.0,,nan,32052,0.264,Hit,text/css,68268,468,
2025-07-02,06:14:18,AEB156-E8,22986,222.19.185.248,GET,d8bnainxtot1t.cloudfront.net,posts/blog/posts,301,http://www.nunez.org/main/search/searchauthor.php,"Mozilla/5.0 (Windows; U; Windows NT 11.0) AppleWebKit/532.13.3 (KHTML, like Gecko) Version/5.0 Safari/532.13.3",index,91f738ef2be4b422687745324efd04e4,Miss,d3cddca0-0921-45d8-af21-80c70dd7b0b6,archivesnationales-ht.com,HTTPS,4029,1.063,164.250.119.21,TLSv1.3,ECDHE-RSA-AES128-GCM-SHA256,Hit,HTTP/1.1,Failed,nan,12091,0.238,Miss,application/javascript,489878,,
2025-07-02,01:21:15,BCE415-E4,43218,177.114.30.120,POST,d8bnainxtot1t.cloudfront.net,app/categories/tag,200,https://williams.com/posts/postsprivacy.html,Mozilla/5.0 (Android 2.3.2; Mobile; rv:44.0) Gecko/44.0 Firefox/44.0,author,f1f73936c9335ae9550c1c31f6943246,Miss,fd2fd5b5-4d33-4614-a6be-94a798141bf4,archivesnationales-ht.com,HTTPS,1227,2.186,nan,TLSv1.2,AES256-GCM-SHA384,Miss,HTTP/2.0,Failed,nan,12210,0.803,LambdaExecutionError,application/javascript,356245,,
2025-07-02,01:53:27,CDF532-E2,17399,207.189.111.244,POST,d8bnainxtot1t.cloudfront.net,tag/blog,200,https://www.torres.com/searchhomepage.jsp,Opera/8.77.(X11; Linux x86_64; mhr-RU) Presto/2.9.169 Version/10.00,,72341e370b4846d22851c0736db523bb,LimitExceeded,1ee857be-f9a8-4d19-ad1e-6fa959e00202,archivesnationales-ht.com,HTTPS,819,1.736,187.250.246.178,TLSv1.2,None,Error,HTTP/2.0,Processed,nan,33990,0.452,Miss,application/javascript,199456,,
2025-07-02,03:30:40,AAF765-E6,29968,201.38.247.80,PUT,d8bnainxtot1t.cloudfront.net,wp-content,404,http://vaughan.com/tags/tag/categorieshome.htm,Opera/9.79.(Windows NT 6.2; eu-FR) Presto/2.9.165 Version/12.00,about,68b4f7903610ae465b360357e4361d39,LimitExceeded,6be4402a-1bc2-48b4-bec1-95fd035af30e,archivesnationales-ht.com,HTTPS,57,1.837,nan,TLSv1.2,ECDHE-RSA-AES128-GCM-SHA256,Hit,HTTP/1.1,Failed,term,42781,0.879,BadGateway,text/css,26944,,
2025-07-02,14:02:33,DAA780-E0,88826,116.58.81.195,PUT,d8bnainxtot1t.cloudfront.net,tags/main,200,https://www.sosa-smith.com/app/list/apphome.html,"Mozilla/5.0 (Macintosh; PPC Mac OS X 10_12_3) AppleWebKit/531.0 (KHTML, like Gecko) Chrome/13.0.828.0 Safari/531.0",,dd5efe662b20fb2809cbaecf6fee156f,Miss,d81e5ec6-6510-44e5-8740-6812d0d56f9f,archivesnationales-ht.com,HTTPS,2432,2.05,128.163.227.166,TLSv1.2,None,Miss,HTTP/1.1,,nan,43161,0.686,BadGateway,image/jpeg,84644,,1036
2025-07-02,16:53:12,DEB173-E0,33241,187.22.71.151,OPTIONS,d8bnainxtot1t.cloudfront.net,tags/category,301,https://woods.biz/blog/list/appfaq.html,"Mozilla/5.0 (X11; Linux i686) AppleWebKit/534.2 (KHTML, like Gecko) Chrome/50.0.898.0 Safari/534.2",faq,5758e50d0176199de734387183d5c608,Error,b1d161df-bc82-4bb0-a081-0249574ad3e2,archivesnationales-ht.com,HTTPS,4039,2.372,92.46.175.216,TLSv1.2,ECDHE-RSA-AES128-GCM-SHA256,Miss,HTTP/2.0,Processed,nan,15152,0.63,LambdaExecutionError,application/json,364470,965,
2025-07-02,08:14:14,DFD936-E5,70437,56.96.159.221,HEAD,d8bnainxtot1t.cloudfront.net,categories/blog/wp-content,200,nan,Opera/9.79.(Windows NT 6.2; shs-CA) Presto/2.9.165 Version/12.00,search,nan,Hit,71f152e3-7e5d-4b32-a37c-163278693722,archivesnationales-ht.com,HTTPS,387,1.015,74.125.84.45,TLSv1.3,AES256-GCM-SHA384,Miss,HTTP/1.1,Failed,nan,2402,0.452,Miss,application/json,381267,,1396
2025-07-02,04:46:13,ECE634-E1,14961,219.169.88.31,POST,d8bnainxtot1t.cloudfront.net,app/tag/categories,500,https://castillo.net/categories/tagcategory.php,"Mozilla/5.0 (iPhone; CPU iPhone OS 16_7_6 like Mac OS X) AppleWebKit/535.0 (KHTML, like Gecko) CriOS/60.0.844.0 Mobile/40V634 Safari/535.0",,6c625bf8bd1fa27851a06e89fcde2c90,LimitExceeded,17bcf199-eb54-4e9d-b994-53cbc354f1b2,archivesnationales-ht.com,HTTPS,1004,0.513,218.199.144.132,TLSv1.3,AES256-GCM-SHA384,Miss,HTTP/1.1,,ahead,4804,0.646,BadGateway,application/json,191816,,1183
2025-07-02,15:40:53,DAF120-E1,50938,118.249.112.190,HEAD,d8bnainxtot1t.cloudfront.net,search/category,301,https://white.com/list/tag/tagindex.php,Mozilla/5.0 (Windows NT 4.0; nan-TW; rv:1.9.1.20) Gecko/9655-11-11 03:26:14.529633 Firefox/8.0,,nan,LimitExceeded,0508cfbd-37ad-4cb0-9ffb-8f1bb14ef89d,archivesnationales-ht.com,HTTP,2301,0.284,nan,TLSv1.2,None,Miss,HTTP/1.1,,second,29091,0.32,LambdaExecutionError,application/javascript,426764,343,
2025-07-02,21:51:37,BBB476-E5,93172,212.101.216.202,POST,d8bnainxtot1t.cloudfront.net,search/wp-content,404,nan,"Mozilla/5.0 (Linux; Android 9) AppleWebKit/532.1 (KHTML, like Gecko) Chrome/55.0.853.0 Safari/532.1",about,83b5628486c3a74c4535cea4c4321aa0,LimitExceeded,79c2dad0-280b-4847-b4a0-25a16f52a209,archivesnationales-ht.com,HTTPS,3178,1.283,74.231.237.190,TLSv1.3,None,Hit,HTTP/1.1,Failed,difficult,17860,0.008,BadGateway,text/html,489163,,1202
2025-07-02,22:51:33,DCC688-E0,51340,177.114.30.120,OPTIONS,d8bnainxtot1t.cloudfront.net,categories,200,http://www.hernandez-moore.biz/category/postshome.html,"Mozilla/5.0 (iPad; CPU iPad OS 4_3_5 like Mac OS X) AppleWebKit/531.0 (KHTML, like Gecko) FxiOS/16.5v7153.0 Mobile/83V072 Safari/531.0",category,nan,Hit,0401d1fc-ba8c-4e9c-9b5a-42b71b4100f8,archivesnationales-ht.com,HTTPS,4610,1.966,nan,None,AES256-GCM-SHA384,Hit,HTTP/1.1,,nan,19036,0.97,Error,text/css,239231,,
2025-07-02,01:06:02,ECC121-E7,81900,152.154.202.133,HEAD,d8bnainxtot1t.cloudfront.net,posts,200,http://fitzgerald.net/categorymain.asp,"Mozilla/5.0 (Linux; Android 4.2.2) AppleWebKit/533.1 (KHTML, like Gecko) Chrome/33.0.852.0 Safari/533.1",home,bb061ab109067a6bf9c074b35d907e60,Error,34bcec16-42c3-4964-b6af-b8ac055f4362,archivesnationales-ht.com,HTTPS,4107,1.949,139.247.185.28,TLSv1.3,None,Error,HTTP/1.1,Failed,nan,13469,0.619,BadGateway,image/jpeg,234959,,1882
2025-07-02,03:59:39,BDA707-E1,14307,158.66.185.148,PUT,d8bnainxtot1t.cloudfront.net,categories/explore,404,https://www.liu.net/posts/category/mainprivacy.jsp,"Mozilla/5.0 (Windows; U; Windows NT 6.2) AppleWebKit/534.49.7 (KHTML, like Gecko) Version/5.0.2 Safari/534.49.7",author,596de320d079ef6d891a70281502c147,Hit,ab9454a1-9a34-45a7-89c4-6d9af3525381,archivesnationales-ht.com,HTTPS,4405,1.146,188.173.227.219,None,ECDHE-RSA-AES128-GCM-SHA256,Error,HTTP/1.1,Processed,nan,36080,0.977,Hit,text/html,434791,988,
2025-07-02,08:35:01,AEA864-E3,18001,89.70.205.89,POST,d8bnainxtot1t.cloudfront.net,explore/list,500,http://delgado.biz/listmain.htm,Mozilla/5.0 (Macintosh; U; Intel Mac OS X 10_8_9; rv:1.9.4.20) Gecko/5302-03-06 00:21:08.350876 Firefox/3.6.20,,72bbc82887a0cf18d86fd51cf4275be9,Error,0dcf179f-e781-4376-9766-0beb2020f630,archivesnationales-ht.com,HTTPS,4784,0.885,188.175.46.74,TLSv1.3,None,Miss,HTTP/1.1,Processed,nan,20836,0.255,BadGateway,text/html,233335,,
2025-07-02,15:22:05,EBE067-E2,43637,194.106.84.227,HEAD,d8bnainxtot1t.cloudfront.net,posts,200,https://www.diaz.biz/wp-content/categories/blogindex.jsp,Mozilla/5.0 (compatible; MSIE 8.0; Windows 98; Trident/3.0),faq,nan,Hit,172a4f66-73f7-4bfd-abd3-3520b6b2ac0a,archivesnationales-ht.com,HTTPS,2244,1.518,65.129.42.61,TLSv1.2,None,Hit,HTTP/1.1,Failed,nan,24328,0.817,Hit,image/jpeg,202223,,
2025-07-02,11:48:09,BEE632-E2,27700,196.187.156.56,DELETE,d8bnainxtot1t.cloudfront.net,categories/categories/category,200,https://www.lewis.com/tagscategory.asp,Mozilla/5.0 (Android 2.3.3; Mobile; rv:25.0) Gecko/25.0 Firefox/25.0,,ac415ee716e66afeda9a91632c20fda8,Hit,c5431723-599b-4139-bc16-82b8437630f7,archivesnationales-ht.com,HTTPS,442,1.501,nan,TLSv1.2,ECDHE-RSA-AES128-GCM-SHA256,Miss,HTTP/1.1,,nan,24853,0.869,Miss,image/jpeg,108405,,1431
2025-07-02,03:48:32,CFF451-E2,15747,25.153.179.253,POST,d8bnainxtot1t.cloudfront.net,categories/tag/wp-content,500,https://www.conner.com/wp-content/mainregister.jsp,Opera/9.46.(Windows 98; sa-IN) Presto/2.9.160 Version/11.00,category,511ea5120512d2814b560d74f257a4cb,LimitExceeded,2439ad1c-93de-479b-b740-de148801ba89,archivesnationales-ht.com,HTTPS,1729,0.177,174.54.102.200,TLSv1.3,AES256-GCM-SHA384,Hit,HTTP/1.1,Processed,nan,44091,0.415,Hit,text/html,220772,,1103
2025-07-02,03:24:56,ABA964-E6,36694,24.126.106.33,DELETE,d8bnainxtot1t.cloudfront.net,search,404,https://www.gentry-chang.com/posts/search/tagfaq.html,"Mozilla/5.0 (Linux; Android 4.4.1) AppleWebKit/534.2 (KHTML, like Gecko) Chrome/34.0.898.0 Safari/534.2",faq,7965cb73dc9beef3fa953ad3acbb6c8a,LimitExceeded,6dfc6b49-688b-40b1-a4e9-9ea632d9467b,archivesnationales-ht.com,HTTPS,4017,0.063,59.224.234.175,TLSv1.2,None,LimitExceeded,HTTP/1.1,,nan,35899,0.323,LambdaExecutionError,text/css,249272,,
2025-07-02,01:19:31,FAB362-E8,20194,210.135.194.130,PUT,d8bnainxtot1t.cloudfront.net,posts/posts,500,http://buchanan-rivera.net/categoryauthor.html,"Mozilla/5.0 (iPod; U; CPU iPhone OS 3_0 like Mac OS X; ts-ZA) AppleWebKit/534.28.1 (KHTML, like Gecko) Version/4.0.5 Mobile/8B116 Safari/6534.28.1",,nan,Error,e2068418-9517-4056-9356-5c6cc900f993,archivesnationales-ht.com,HTTPS,566,1.721,197.26.229.53,None,None,Error,HTTP/2.0,Processed,nan,50478,0.232,Error,text/css,355337,,1220
2025-07-02,02:21:48,BAA521-E6,72196,209.248.164.103,PUT,d8bnainxtot1t.cloudfront.net,search/categories,500,http://stevens.info/search/explorefaq.htm,"Mozilla/5.0 (Macintosh; U; PPC Mac OS X 10_10_6) AppleWebKit/532.0 (KHTML, like Gecko) Chrome/29.0.851.0 Safari/532.0",,ae8e89ffc2e0ab1e3d5cdfed2bd1be70,Hit,e22dad26-484b-4bd3-a55c-aa2c49232a4f,archivesnationales-ht.com,HTTPS,3504,1.047,180.39.124.64,TLSv1.2,AES256-GCM-SHA384,Miss,HTTP/1.1,Failed,nan,5017,0.283,Error,text/css,139845,,1526
2025-07-02,13:18:42,DDA002-E0,42429,165.94.140.132,PUT,d8bnainxtot1t.cloudfront.net,list/blog,200,http://king-evans.org/posts/listmain.asp,"Mozilla/5.0 (Macintosh; U; Intel Mac OS X 10_8_4) AppleWebKit/536.2 (KHTML, like Gecko) Chrome/48.0.804.0 Safari/536.2",,3fe7ca01382d8203bc79a42e7b5bef8c,Miss,53925b36-5edd-4141-ad2a-04188fc979b9,archivesnationales-ht.com,HTTPS,2335,0.497,134.187.29.231,None,AES256-GCM-SHA384,LimitExceeded,HTTP/1.1,Failed,nan,3895,0.865,Error,application/json,463923,,
2025-07-02,06:17:20,BBA634-E0,80374,185.70.86.249,DELETE,d8bnainxtot1t.cloudfront.net,list,404,http://www.yoder-mathews.com/wp-contenthomepage.html,Opera/8.61.(X11; Linux i686; sl-SI) Presto/2.9.171 Version/12.00,,b842fe933a80f1d124f5a2f0a466eb54,LimitExceeded,2dd6fe59-745b-4e80-84b7-85198e32f231,archivesnationales-ht.com,HTTPS,2654,1.227,195.212.36.131,TLSv1.2,ECDHE-RSA-AES128-GCM-SHA256,Hit,HTTP/1.1,Processed,nan,18074,0.503,LambdaExecutionError,application/json,474283,,1922
2025-07-02,02:56:32,FFA934-E4,25246,212.34.13.65,POST,d8bnainxtot1t.cloudfront.net,app/search/category,200,https://gill.org/tags/main/wp-contentlogin.php,Opera/9.75.(X11; Linux x86_64; sat-IN) Presto/2.9.169 Version/10.00,homepage,ef4bf93e5467ef0eb6704937dafd2b21,Error,e0206355-dc2f-42c0-ba89-b15baa5341ba,archivesnationales-ht.com,HTTPS,2244,0.202,nan,None,None,Miss,HTTP/2.0,,nan,48333,0.612,Error,image/jpeg,416245,,1458
2025-07-02,20:27:36,FCD444-E7,71060,6.81.241.48,OPTIONS,d8bnainxtot1t.cloudfront.net,wp-content/posts,200,http://www.daniels.com/wp-content/appprivacy.html,Mozilla/5.0 (compatible; MSIE 9.0; Windows NT 6.0; Trident/3.0),,75411d3ef3c8d7bc916b8be56cdf5857,Error,7bd1fc0f-0804-4b1f-aabb-6ce74778ef0f,archivesnationales-ht.com,HTTPS,3545,2.316,205.59.77.201,None,AES256-GCM-SHA384,Error,HTTP/1.1,,nan,3951,0.101,LambdaExecutionError,application/javascript,225280,,1399
2025-07-02,17:28:05,FDC654-E4,72038,204.149.222.79,PUT,d8bnainxtot1t.cloudfront.net,tag/blog,404,nan,"Mozilla/5.0 (Macintosh; U; Intel Mac OS X 10_6_2) AppleWebKit/532.2 (KHTML, like Gecko) Chrome/29.0.872.0 Safari/532.2",post,3bcc840607f0e2db13ef5f0051cd0135,Miss,553e727c-c5b7-4911-905d-ab25a5d1b208,archivesnationales-ht.com,HTTPS,3842,1.808,191.35.38.124,None,None,Hit,HTTP/2.0,,nan,14220,0.079,LambdaExecutionError,image/jpeg,161769,322,
2025-07-02,04:10:21,FFE146-E3,72747,119.245.174.16,OPTIONS,d8bnainxtot1t.cloudfront.net,categories/wp-content/main,200,nan,Opera/8.55.(X11; Linux x86_64; ps-AF) Presto/2.9.175 Version/12.00,index,b902a85431e0df5702d7111f1de75a99,LimitExceeded,360463cf-0ef7-4968-bca2-de9c0350bf53,archivesnationales-ht.com,HTTPS,3464,1.128,nan,TLSv1.2,AES256-GCM-SHA384,Miss,HTTP/1.1,,simply,65091,0.943,Error,text/html,415739,,1403
2025-07-02,23:50:47,AFE201-E2,28772,157.136.135.180,DELETE,d8bnainxtot1t.cloudfront.net,blog/tag/categories,200,nan,Opera/8.78.(Windows NT 11.0; bn-IN) Presto/2.9.181 Version/11.00,,1ae8879db479beffc124f099dde9a3af,Error,8e847f1e-515d-4131-b662-0510ecd5487d,archivesnationales-ht.com,HTTPS,1440,0.59,51.102.236.141,TLSv1.3,AES256-GCM-SHA384,Hit,HTTP/1.1,,nan,22823,0.929,BadGateway,text/css,120198,,
2025-07-02,21:17:33,DFA137-E5,26366,197.58.224.111,GET,d8bnainxtot1t.cloudfront.net,posts/blog,403,https://mason.com/category/searchregister.htm,"Mozilla/5.0 (Linux; Android 4.4.1) AppleWebKit/531.2 (KHTML, like Gecko) Chrome/55.0.836.0 Safari/531.2",author,dd1b44f1cae7def7d417f32457fa83da,Hit,da008c28-d2cf-452e-abe9-a5cf714d46ed,archivesnationales-ht.com,HTTPS,1674,2.253,nan,TLSv1.3,None,Miss,HTTP/1.1,Failed,nan,17466,0.901,Error,image/jpeg,458385,,
2025-07-02,16:39:42,BCA083-E1,21508,107.199.208.145,GET,d8bnainxtot1t.cloudfront.net,categories/posts/explore,404,http://www.newton.org/blog/wp-content/wp-contentpost.htm,"Mozilla/5.0 (Macintosh; PPC Mac OS X 10_6_0 rv:4.0; mt-MT) AppleWebKit/532.25.1 (KHTML, like Gecko) Version/5.0.1 Safari/532.25.1",about,a08bcd0fdb306a3880670ea9d8d17cd7,Error,fd217006-21c6-49ad-87a4-9fdabb1d6942,archivesnationales-ht.com,HTTPS,1112,1.2,40.54.151.150,None,ECDHE-RSA-AES128-GCM-SHA256,LimitExceeded,HTTP/1.1,Failed,world,13484,0.509,Error,image/jpeg,6583,732,
2025-07-02,02:50:00,CCB724-E8,36561,186.168.228.175,POST,d8bnainxtot1t.cloudfront.net,tags,200,https://arroyo-anderson.org/categories/posts/postsauthor.html,Opera/8.61.(X11; Linux i686; tcy-IN) Presto/2.9.166 Version/11.00,main,nan,Hit,e01fb38c-fedb-4bcf-8ec7-8611e36f398d,archivesnationales-ht.com,HTTPS,4072,1.298,nan,None,None,Miss,HTTP/1.1,Failed,nan,37801,0.312,Error,application/json,128938,,
2025-07-02,11:09:08,AAC234-E0,23015,205.109.81.231,DELETE,d8bnainxtot1t.cloudfront.net,list,301,http://www.kelley-taylor.info/blog/list/tagsmain.html,"Mozilla/5.0 (Linux; Android 5.1.1) AppleWebKit/536.0 (KHTML, like Gecko) Chrome/44.0.863.0 Safari/536.0",,cb30ea02a432db2ded2af0e7b9b87072,Miss,be004398-422d-4bcd-9ca2-fdcf488bef8e,archivesnationales-ht.com,HTTPS,1268,0.114,118.64.191.60,TLSv1.3,None,LimitExceeded,HTTP/1.1,Failed,parent,39859,0.304,BadGateway,image/jpeg,169959,,1754
2025-07-02,15:24:55,EDC150-E9,22365,222.4.123.4,POST,d8bnainxtot1t.cloudfront.net,explore/tag,200,http://www.roberts.com/tagsindex.php,"Mozilla/5.0 (iPhone; CPU iPhone OS 17_2_1 like Mac OS X) AppleWebKit/532.0 (KHTML, like Gecko) FxiOS/11.1n8328.0 Mobile/56T224 Safari/532.0",register,e3b1c28f752df85ca486eb76b36644c7,LimitExceeded,0beaa4fd-94be-41cf-addd-b0fc58e1ab2b,archivesnationales-ht.com,HTTPS,1957,2.092,34.19.82.251,TLSv1.2,AES256-GCM-SHA384,Error,HTTP/1.1,Failed,nan,36303,0.651,LambdaExecutionError,image/jpeg,160607,,1886
2025-07-02,03:12:04,EEA602-E0,57857,205.172.7.3,OPTIONS,d8bnainxtot1t.cloudfront.net,search/tag/blog,200,https://hogan.com/category/listhome.html,"Mozilla/5.0 (Windows NT 5.2) AppleWebKit/531.1 (KHTML, like Gecko) Chrome/21.0.832.0 Safari/531.1",,nan,Miss,07617bfc-9285-4586-aaa5-f7dafd5ad331,archivesnationales-ht.com,HTTPS,2833,1.572,63.125.240.149,TLSv1.2,AES256-GCM-SHA384,Miss,HTTP/2.0,Failed,nan,26635,0.959,LambdaExecutionError,text/html,263501,973,
2025-07-02,17:40:08,FFF229-E5,22647,95.251.154.53,DELETE,d8bnainxtot1t.cloudfront.net,tag/blog/tag,404,https://www.brewer.com/posts/searchhomepage.html,"Mozilla/5.0 (iPad; CPU iPad OS 11_4_1 like Mac OS X) AppleWebKit/532.0 (KHTML, like Gecko) CriOS/41.0.845.0 Mobile/44R276 Safari/532.0",,nan,Error,dd2d17b2-61cd-4335-b6a8-65ca01bee8c1,archivesnationales-ht.com,HTTPS,1773,0.548,35.125.87.38,TLSv1.2,AES256-GCM-SHA384,Error,HTTP/2.0,Failed,nan,22706,0.751,Miss,text/html,272635,54,
2025-07-02,11:21:18,BCE355-E8,56996,41.23.52.65,HEAD,d8bnainxtot1t.cloudfront.net,list,403,https://suarez.info/posts/tag/categorieshomepage.htm,"Mozilla/5.0 (Macintosh; U; PPC Mac OS X 10_5_4 rv:6.0; ve-ZA) AppleWebKit/535.27.6 (KHTML, like Gecko) Version/4.0 Safari/535.27.6",category,fa1d69d04b58f92a05aa4481ebf183b5,Miss,7c2f32d5-b24c-4fad-8687-4c718f75e0fe,archivesnationales-ht.com,HTTPS,546,0.924,68.178.120.105,TLSv1.2,AES256-GCM-SHA384,LimitExceeded,HTTP/1.1,,religious,53786,0.035,LambdaExecutionError,image/jpeg,187650,926,1210
2025-07-02,15:42:02,DFD451-E3,74466,157.226.44.103,POST,d8bnainxtot1t.cloudfront.net,posts,301,https://www.henry-vargas.biz/app/categoriesindex.jsp,"Mozilla/5.0 (Windows; U; Windows NT 6.2) AppleWebKit/532.16.1 (KHTML, like Gecko) Version/4.1 Safari/532.16.1",post,c05a1b7c485100baaae1b5eba2dd1edb,Error,b4944dd9-ebe2-4e3d-98fd-1b7459d2156f,archivesnationales-ht.com,HTTPS,4699,0.366,nan,None,ECDHE-RSA-AES128-GCM-SHA256,Error,HTTP/1.1,Failed,quality,26240,0.432,Error,application/json,413527,,
2025-07-02,01:26:47,DFA379-E0,71768,209.136.163.13,PUT,d8bnainxtot1t.cloudfront.net,wp-content/posts/categories,200,https://www.gates.com/main/tag/tagsregister.html,Opera/9.31.(X11; Linux i686; uk-UA) Presto/2.9.171 Version/10.00,,nan,Error,d1e693ca-a280-401c-9a1c-3fa4e83cece0,archivesnationales-ht.com,HTTPS,4242,1.434,217.244.41.15,None,None,Miss,HTTP/1.1,Processed,nan,13538,0.387,BadGateway,text/css,214828,759,
2025-07-02,10:08:49,DDC399-E0,50696,57.242.6.15,PUT,d8bnainxtot1t.cloudfront.net,app/tags,200,http://www.anderson-harrison.com/explore/categorieslogin.asp,Opera/8.46.(X11; Linux x86_64; ve-ZA) Presto/2.9.168 Version/11.00,,nan,LimitExceeded,8d94e30c-9ffe-4b28-84d2-4957a58e5fb0,archivesnationales-ht.com,HTTPS,1553,1.721,191.40.21.245,None,AES256-GCM-SHA384,Miss,HTTP/2.0,Processed,develop,55288,0.807,BadGateway,image/jpeg,465829,917,
2025-07-02,12:38:04,BFC664-E8,42966,130.99.28.251,HEAD,d8bnainxtot1t.cloudfront.net,tags/blog/category,403,http://www.brown.com/tag/list/blogpost.jsp,Mozilla/5.0 (compatible; MSIE 7.0; Windows NT 6.0; Trident/5.1),,c9e42432df048ad365dd018ed958c7fe,Error,264d854c-6b36-4f54-b089-eaa6af1161af,archivesnationales-ht.com,HTTPS,792,0.272,nan,None,ECDHE-RSA-AES128-GCM-SHA256,Miss,HTTP/1.1,Processed,nan,64926,0.353,Hit,application/json,129415,157,1946
2025-07-02,14:06:50,FFD312-E7,72304,152.154.202.133,HEAD,d8bnainxtot1t.cloudfront.net,category/blog,301,https://www.lopez-hughes.info/explorelogin.html,Opera/9.47.(Windows NT 5.2; ky-KG) Presto/2.9.161 Version/12.00,login,65015278998999a1ca65a7054badaaeb,Miss,e093b8ba-e087-442c-97ec-b2ccef689e0a,archivesnationales-ht.com,HTTPS,1518,0.571,185.240.179.45,TLSv1.3,ECDHE-RSA-AES128-GCM-SHA256,LimitExceeded,HTTP/1.1,Failed,source,13184,0.458,Error,application/json,330489,,
2025-07-02,22:25:42,ECB075-E1,43745,201.224.138.158,GET,d8bnainxtot1t.cloudfront.net,blog,200,https://www.garrison.info/list/postsabout.php,"Mozilla/5.0 (Macintosh; PPC Mac OS X 10_12_9 rv:2.0; lb-LU) AppleWebKit/532.37.1 (KHTML, like Gecko) Version/5.0.3 Safari/532.37.1",home,c702828479094e3d03bfa12cb5640101,LimitExceeded,5e9e6a1c-83e8-4bd5-b854-72f63434d396,archivesnationales-ht.com,HTTPS,1784,1.227,212.111.171.58,None,AES256-GCM-SHA384,LimitExceeded,HTTP/1.1,Processed,nan,9687,0.52,Error,image/jpeg,55250,772,
2025-07-02,04:42:33,CCB107-E4,36768,67.178.131.117,PUT,d8bnainxtot1t.cloudfront.net,categories,200,https://brandt.org/tagsprivacy.jsp,"Mozilla/5.0 (X11; Linux i686) AppleWebKit/536.2 (KHTML, like Gecko) Chrome/61.0.854.0 Safari/536.2",,nan,Miss,d3d649d6-8d22-4efe-9d04-18465b53ad57,archivesnationales-ht.com,HTTPS,65,1.001,223.80.141.118,TLSv1.3,None,Error,HTTP/1.1,Failed,nan,35625,0.388,Hit,text/css,475749,589,
2025-07-02,23:30:56,DCD221-E4,7460,80.179.57.123,OPTIONS,d8bnainxtot1t.cloudfront.net,app,404,https://dalton-patterson.com/wp-contentmain.htm,"Mozilla/5.0 (iPod; U; CPU iPhone OS 4_0 like Mac OS X; dv-MV) AppleWebKit/535.19.7 (KHTML, like Gecko) Version/3.0.5 Mobile/8B115 Safari/6535.19.7",,338ec51b4b1d93c4d71dd7cdf9efa4b3,Error,fd806be8-ecdd-4b8b-9619-3dfde128e3aa,archivesnationales-ht.com,HTTPS,2730,2.397,48.39.31.94,TLSv1.2,ECDHE-RSA-AES128-GCM-SHA256,LimitExceeded,HTTP/1.1,,nan,45129,0.216,Miss,application/json,179222,399,
2025-07-02,11:21:23,DDF984-E6,82997,167.118.197.249,PUT,d8bnainxtot1t.cloudfront.net,list/category,403,https://www.joseph.com/blogsearch.html,Mozilla/5.0 (X11; Linux i686; rv:1.9.6.20) Gecko/7864-03-07 02:33:17.913208 Firefox/7.0,,ecc4c646f9446c594fe8e8c0623b1e56,Hit,efea72d0-1c8b-4679-82cb-1aa1d7ab6f1d,archivesnationales-ht.com,HTTPS,4858,1.952,124.245.4.77,TLSv1.2,AES256-GCM-SHA384,Hit,HTTP/1.1,,nan,29180,0.334,Miss,text/html,165961,245,
2025-07-02,22:35:14,CAC532-E2,87839,100.32.148.104,OPTIONS,d8bnainxtot1t.cloudfront.net,app/search,301,https://www.griffith.biz/postsfaq.php,Opera/9.35.(X11; Linux x86_64; da-DK) Presto/2.9.190 Version/10.00,,e3ab08a5dcedecb229913118ad594cd4,Hit,8d38b968-56ea-40e8-842d-5f4cf538fd77,archivesnationales-ht.com,HTTP,2422,0.403,44.190.203.182,None,ECDHE-RSA-AES128-GCM-SHA256,LimitExceeded,HTTP/1.1,,gun,1025,0.319,Hit,application/javascript,89824,,
2025-07-02,14:10:50,DCF519-E9,96508,14.206.181.109,HEAD,d8bnainxtot1t.cloudfront.net,category,200,https://le.com/app/listabout.html,Mozilla/5.0 (compatible; MSIE 7.0; Windows NT 6.1; Trident/4.0),,b3933bbcbd11669c3b6dddc636d9c890,Miss,712619cc-df88-4e23-8688-3d2036ade608,archivesnationales-ht.com,HTTPS,1935,2.193,192.200.27.32,None,None,LimitExceeded,HTTP/1.1,Processed,nan,12110,0.791,Hit,application/json,88294,,
2025-07-02,08:15:59,AEF794-E1,86158,68.149.69.212,DELETE,d8bnainxtot1t.cloudfront.net,explore/wp-content/explore,200,http://greene-ritter.net/bloghomepage.html,"Mozilla/5.0 (Linux; Android 9) AppleWebKit/532.0 (KHTML, like Gecko) Chrome/14.0.816.0 Safari/532.0",,nan,LimitExceeded,b899eff0-77ee-41dd-8596-a51d3c255936,archivesnationales-ht.com,HTTPS,3600,1.567,195.219.199.212,TLSv1.2,None,LimitExceeded,HTTP/1.1,Failed,nan,56755,0.235,LambdaExecutionError,application/json,9018,,1253
2025-07-02,18:39:20,FEF513-E5,16786,51.239.139.1,OPTIONS,d8bnainxtot1t.cloudfront.net,search,301,nan,"Mozilla/5.0 (Macintosh; U; PPC Mac OS X 10_11_9 rv:2.0; vi-VN) AppleWebKit/531.16.3 (KHTML, like Gecko) Version/4.0.4 Safari/531.16.3",,40c8001d8905fdfaf7dec4852ebe3641,Error,1ce17102-cedf-4427-8fc9-bf88d6ee4d90,archivesnationales-ht.com,HTTPS,2599,0.842,151.223.107.236,None,None,Error,HTTP/1.1,,nan,45810,0.551,Error,image/jpeg,18543,,
2025-07-02,06:37:50,ECE387-E6,56146,209.115.3.225,OPTIONS,d8bnainxtot1t.cloudfront.net,tags,200,http://www.harvey.com/list/exploremain.htm,"Mozilla/5.0 (Linux; Android 2.1) AppleWebKit/534.2 (KHTML, like Gecko) Chrome/53.0.872.0 Safari/534.2",,nan,Miss,6082b839-e0dd-40ec-90c0-199392110e5a,archivesnationales-ht.com,HTTPS,4547,1.433,223.80.142.105,TLSv1.2,None,Hit,HTTP/1.1,Failed,nan,11854,0.058,LambdaExecutionError,text/html,222261,,
2025-07-02,10:41:27,CEB468-E2,90206,12.236.159.15,PUT,d8bnainxtot1t.cloudfront.net,explore/posts/blog,500,https://rush.com/wp-content/searchfaq.html,"Mozilla/5.0 (iPad; CPU iPad OS 9_3_5 like Mac OS X) AppleWebKit/534.1 (KHTML, like Gecko) CriOS/41.0.879.0 Mobile/66I244 Safari/534.1",category,72e35292c25d1f938d73c4bcbe37163a,Hit,a18a1211-21ca-4f67-b9d5-af25a90876a5,archivesnationales-ht.com,HTTPS,4541,1.247,nan,None,ECDHE-RSA-AES128-GCM-SHA256,Miss,HTTP/1.1,,nan,49106,0.428,LambdaExecutionError,application/json,97748,480,
2025-07-02,01:34:03,DFC821-E8,19258,118.92.134.160,DELETE,d8bnainxtot1t.cloudfront.net,list,500,http://www.baker-garner.com/category/exploreabout.php,"Mozilla/5.0 (iPhone; CPU iPhone OS 4_3_5 like Mac OS X) AppleWebKit/533.2 (KHTML, like Gecko) FxiOS/18.9y2483.0 Mobile/72E090 Safari/533.2",login,nan,Miss,a3bc1a3c-5a5e-4fff-aa7b-046e57f4df14,archivesnationales-ht.com,HTTPS,4247,1.575,4.224.165.250,TLSv1.2,None,Error,HTTP/1.1,Failed,nan,15035,0.315,LambdaExecutionError,text/html,360917,211,
2025-07-02,21:40:23,ABF726-E8,57139,202.77.61.36,HEAD,d8bnainxtot1t.cloudfront.net,posts/category,500,https://www.myers-white.net/searchabout.php,Opera/9.31.(X11; Linux x86_64; hu-HU) Presto/2.9.172 Version/11.00,,nan,Error,9f75ae7e-1fb2-42e0-bc8f-66136ecdfab3,archivesnationales-ht.com,HTTPS,147,1.134,nan,None,None,Error,HTTP/1.1,Failed,nan,16623,0.521,Error,text/html,324398,833,
2025-07-02,08:34:53,DCE338-E5,30839,190.125.126.156,DELETE,d8bnainxtot1t.cloudfront.net,blog,301,https://mckenzie.com/postsregister.html,"Mozilla/5.0 (Windows; U; Windows 98) AppleWebKit/531.4.4 (KHTML, like Gecko) Version/4.1 Safari/531.4.4",,451e0a48574aecaf03c1b4210e41d289,Hit,19eadb15-f6d5-4371-9272-2ea901c6a848,archivesnationales-ht.com,HTTPS,1935,0.046,115.117.73.246,TLSv1.2,None,Hit,HTTP/1.1,Failed,nan,58118,0.86,LambdaExecutionError,application/javascript,52568,,1167
2025-07-02,11:29:54,CAB669-E9,61594,207.189.111.244,DELETE,d8bnainxtot1t.cloudfront.net,main,301,http://walton-arellano.com/posts/tags/categoryterms.php,Opera/9.68.(Windows NT 6.2; tk-TM) Presto/2.9.176 Version/11.00,faq,nan,Miss,1418e189-a2f1-4453-8a15-0b1637133ef4,archivesnationales-ht.com,HTTPS,2315,0.103,169.76.204.20,TLSv1.3,ECDHE-RSA-AES128-GCM-SHA256,Miss,HTTP/1.1,Failed,nan,56585,0.872,Miss,text/css,189102,,1163
2025-07-02,15:39:27,ADA509-E6,36779,24.126.106.33,DELETE,d8bnainxtot1t.cloudfront.net,main,200,http://www.ayala-phillips.biz/app/list/blogabout.php,Opera/9.56.(Windows 98; Win 9x 4.90; nn-NO) Presto/2.9.180 Version/12.00,,nan,Miss,114be9de-91a3-4e1b-8bbc-9ea2bbd4d221,archivesnationales-ht.com,HTTPS,1806,1.336,28.22.244.243,TLSv1.3,ECDHE-RSA-AES128-GCM-SHA256,Error,HTTP/1.1,,nan,35516,0.118,Miss,application/json,418501,,1062
2025-07-02,12:47:16,BDB954-E8,22828,42.106.214.17,OPTIONS,d8bnainxtot1t.cloudfront.net,categories/explore/category,200,http://www.alexander-barnes.com/blog/list/blogregister.html,"Mozilla/5.0 (Windows NT 6.0) AppleWebKit/531.0 (KHTML, like Gecko) Chrome/19.0.823.0 Safari/531.0",search,27b9c7a950b7892a4cc03b330a4af4e7,Error,9187ecd3-0cbd-4906-a2ac-ad28f4e2eeec,archivesnationales-ht.com,HTTPS,2191,2.23,nan,None,AES256-GCM-SHA384,Miss,HTTP/1.1,Processed,nan,33368,0.511,Error,text/html,343668,836,
2025-07-02,01:45:30,EEA216-E3,10469,219.94.73.185,DELETE,d8bnainxtot1t.cloudfront.net,category/blog/posts,301,https://www.gray.com/tag/main/blogabout.html,"Mozilla/5.0 (iPhone; CPU iPhone OS 13_7 like Mac OS X) AppleWebKit/536.2 (KHTML, like Gecko) CriOS/38.0.808.0 Mobile/96I083 Safari/536.2",,f32869fed9746ba23001c245edd8e80f,LimitExceeded,06686235-5101-4855-b4c7-68684e01cca6,archivesnationales-ht.com,HTTPS,3006,0.757,nan,TLSv1.2,ECDHE-RSA-AES128-GCM-SHA256,Error,HTTP/2.0,Processed,nan,52147,0.74,Hit,image/jpeg,334004,650,
2025-07-02,12:42:39,FDF466-E7,22161,196.241.56.185,GET,d8bnainxtot1t.cloudfront.net,explore,200,http://www.baker.net/postsfaq.html,Opera/8.40.(Windows NT 5.1; kn-IN) Presto/2.9.169 Version/12.00,login,761f81226b297f26b67998519250b695,Miss,e849c05e-936f-4296-a4bc-f249ad0b2d21,archivesnationales-ht.com,HTTPS,611,0.813,nan,TLSv1.2,None,LimitExceeded,HTTP/1.1,Failed,nan,37425,0.473,LambdaExecutionError,application/javascript,167868,,
2025-07-02,23:51:41,DBD933-E9,72901,180.87.109.143,POST,d8bnainxtot1t.cloudfront.net,tag/posts/blog,200,http://ayala-cantrell.org/main/categoryabout.html,"Mozilla/5.0 (Linux; Android 4.1.2) AppleWebKit/536.0 (KHTML, like Gecko) Chrome/61.0.855.0 Safari/536.0",,426aa317653d8166bea176675ab6e3f9,LimitExceeded,9515605c-da55-4f04-97fd-561227682995,archivesnationales-ht.com,HTTPS,4976,1.508,1.221.7.141,None,AES256-GCM-SHA384,LimitExceeded,HTTP/1.1,Failed,visit,43354,0.28,Error,image/jpeg,356905,,1717
2025-07-02,18:33:21,FDA646-E6,90745,191.156.154.179,POST,d8bnainxtot1t.cloudfront.net,posts,500,https://woods.com/search/tagssearch.php,"Mozilla/5.0 (iPhone; CPU iPhone OS 17_2_1 like Mac OS X) AppleWebKit/531.0 (KHTML, like Gecko) FxiOS/11.0m2653.0 Mobile/66P391 Safari/531.0",faq,eeae84a213fe90269e66a1bccf9aa8bd,Miss,0189b54f-cee8-4104-b1cf-469a23e4d4aa,archivesnationales-ht.com,HTTPS,4545,0.075,nan,TLSv1.3,None,Miss,HTTP/2.0,Failed,public,4081,0.227,Hit,image/jpeg,182725,,
2025-07-02,08:54:44,ADA895-E1,27165,180.184.180.184,POST,d8bnainxtot1t.cloudfront.net,search,403,https://www.cruz.info/tag/posts/categorycategory.html,"Mozilla/5.0 (iPhone; CPU iPhone OS 17_2_1 like Mac OS X) AppleWebKit/532.1 (KHTML, like Gecko) FxiOS/13.3o4220.0 Mobile/54B373 Safari/532.1",,nan,Error,fc40f9b5-8d15-4159-99b2-87ec4f364a11,archivesnationales-ht.com,HTTP,4532,0.616,204.98.230.43,TLSv1.3,None,Miss,HTTP/1.1,,nan,58931,0.406,Miss,text/css,341274,545,
2025-07-02,08:38:52,CAE193-E9,79825,185.70.86.249,PUT,d8bnainxtot1t.cloudfront.net,app/blog,500,http://dunn.com/categorieshomepage.php,Mozilla/5.0 (Android 2.3.2; Mobile; rv:53.0) Gecko/53.0 Firefox/53.0,main,nan,Hit,c79e237e-09e8-43cc-9f8b-03bf7775958e,archivesnationales-ht.com,HTTP,2700,1.014,217.125.227.233,TLSv1.3,AES256-GCM-SHA384,Hit,HTTP/1.1,,nan,57771,0.521,BadGateway,text/html,12940,,1891
2025-07-02,14:01:20,FBC666-E5,46122,209.40.157.169,HEAD,d8bnainxtot1t.cloudfront.net,category,200,http://www.kelly.com/explore/listmain.php,Mozilla/5.0 (Windows 95; wal-ET; rv:1.9.1.20) Gecko/9423-01-31 09:54:59.690582 Firefox/3.8,main,716bef4b935b05fe6e2b0c0502480fbc,Error,351e75ec-99e0-4737-a6cb-e84a05ce43e8,archivesnationales-ht.com,HTTPS,4088,0.47,208.64.19.65,TLSv1.2,None,Hit,HTTP/1.1,Failed,kitchen,4385,0.797,Hit,text/html,264479,,1022
2025-07-02,01:46:07,BEF823-E0,32803,192.163.122.117,HEAD,d8bnainxtot1t.cloudfront.net,posts/explore/explore,404,https://www.lee.biz/categories/explore/listterms.htm,"Mozilla/5.0 (Windows; U; Windows 95) AppleWebKit/532.42.2 (KHTML, like Gecko) Version/5.0.5 Safari/532.42.2",index,d4318171e01ddffc3e0cfefc8fee5af8,Hit,d98cfea3-c79a-41bc-a80d-a9fae5bab6e2,archivesnationales-ht.com,HTTPS,3706,0.326,213.185.33.33,None,None,LimitExceeded,HTTP/1.1,Failed,nan,8115,0.82,Miss,text/css,471098,,
2025-07-02,07:41:15,EFC479-E3,67341,72.14.9.4,PUT,d8bnainxtot1t.cloudfront.net,categories/main/app,200,http://rice.info/search/tagsearch.jsp,Opera/8.41.(Windows NT 6.0; lv-LV) Presto/2.9.162 Version/12.00,about,e0c5205d30a83df7d0de8142e169053c,Error,5586b995-c392-40d4-ad21-de61a960faae,archivesnationales-ht.com,HTTPS,3404,0.613,128.88.246.82,None,None,Miss,HTTP/1.1,,nan,36843,0.36,LambdaExecutionError,image/jpeg,285061,,
2025-07-02,13:42:06,FDA712-E6,35839,204.119.97.131,HEAD,d8bnainxtot1t.cloudfront.net,blog,403,http://www.underwood-olson.com/category/explore/searchhomepage.php,"Mozilla/5.0 (iPhone; CPU iPhone OS 8_4_1 like Mac OS X) AppleWebKit/531.0 (KHTML, like Gecko) CriOS/27.0.870.0 Mobile/79B117 Safari/531.0",,040240e51a135bb075a83c60206ece38,Error,99b83715-7272-430e-8957-d41f1a557cbc,archivesnationales-ht.com,HTTPS,3989,1.554,76.151.74.146,None,AES256-GCM-SHA384,LimitExceeded,HTTP/1.1,Failed,nan,9492,0.907,Hit,application/json,455977,,1068
2025-07-02,17:40:32,BEA926-E7,91983,205.161.125.26,POST,d8bnainxtot1t.cloudfront.net,app/search/wp-content,200,https://www.wagner-townsend.biz/appmain.php,Opera/8.87.(X11; Linux i686; ht-HT) Presto/2.9.180 Version/11.00,,a88cdd790577782dea5f7342439662cd,Miss,ae6c3032-5eb1-448a-a54a-dbbc149e4385,archivesnationales-ht.com,HTTPS,1897,0.088,171.191.242.67,TLSv1.2,AES256-GCM-SHA384,Hit,HTTP/1.1,,nan,20869,0.872,Hit,text/css,285347,,
2025-07-02,18:25:50,FAA322-E5,18260,82.129.230.187,POST,d8bnainxtot1t.cloudfront.net,category,200,http://rodriguez.org/blog/categories/tagprivacy.html,Mozilla/5.0 (Windows NT 10.0; nso-ZA; rv:1.9.2.20) Gecko/7982-06-15 07:03:41.644409 Firefox/3.8,author,10bb9267f9d4ae88ba1609223bd7f17d,LimitExceeded,851fbf58-fa68-4d8f-ae19-62ab2e63171c,archivesnationales-ht.com,HTTPS,1371,2.238,nan,TLSv1.3,ECDHE-RSA-AES128-GCM-SHA256,Miss,HTTP/1.1,Processed,nan,27603,0.938,Miss,text/css,379958,,
2025-07-02,21:31:42,DEC330-E1,13451,223.5.183.205,DELETE,d8bnainxtot1t.cloudfront.net,main/posts/main,200,http://owens-klein.biz/app/explore/listprivacy.asp,Mozilla/5.0 (Windows NT 11.0; brx-IN; rv:1.9.2.20) Gecko/6732-09-16 11:27:02.201630 Firefox/3.6.2,,nan,Miss,6130e971-6ee5-44bb-a9fc-60a1e0f510fc,archivesnationales-ht.com,HTTPS,190,0.921,59.127.103.198,TLSv1.2,None,Hit,HTTP/1.1,Failed,nan,8516,0.009,Hit,text/html,181938,747,
2025-07-02,11:47:05,DAC307-E3,31808,13.237.178.255,PUT,d8bnainxtot1t.cloudfront.net,categories,200,https://phillips-diaz.com/category/tagsindex.php,Opera/9.11.(X11; Linux x86_64; ro-RO) Presto/2.9.180 Version/10.00,,2f91d5e559b669ef1efabbf58e04c4a4,Error,28f54f9f-5d79-4295-96f7-9f3c21a1077a,archivesnationales-ht.com,HTTPS,3116,2.101,44.182.241.226,None,None,Error,HTTP/1.1,Processed,nan,63543,0.488,Miss,text/html,295199,,
2025-07-02,22:42:27,ECA424-E8,7349,130.198.227.24,GET,d8bnainxtot1t.cloudfront.net,wp-content,200,http://nelson.com/blog/main/blogcategory.asp,"Mozilla/5.0 (iPod; U; CPU iPhone OS 4_3 like Mac OS X; csb-PL) AppleWebKit/531.49.5 (KHTML, like Gecko) Version/4.0.5 Mobile/8B113 Safari/6531.49.5",,30949fb2725e32a810a9647ee42da19f,Hit,b8cdc4a0-2a51-4a63-821e-14607456569a,archivesnationales-ht.com,HTTPS,2064,1.056,nan,TLSv1.3,None,LimitExceeded,HTTP/1.1,,nan,14221,0.761,Miss,application/javascript,363237,,
2025-07-02,05:14:48,FAB088-E8,48380,177.153.234.155,DELETE,d8bnainxtot1t.cloudfront.net,search,200,http://winters.org/blog/category/tagsindex.php,"Mozilla/5.0 (Macintosh; U; PPC Mac OS X 10_8_8) AppleWebKit/536.1 (KHTML, like Gecko) Chrome/55.0.856.0 Safari/536.1",category,fb899ae78827e648b3b7f11af2b65142,Hit,8a5a731c-388c-48b6-8654-0c6887fdc122,archivesnationales-ht.com,HTTPS,3200,0.034,217.175.98.128,None,None,Hit,HTTP/1.1,,nan,26373,0.731,Error,application/javascript,346936,,
2025-07-02,13:35:30,CFD283-E3,32265,98.145.192.244,OPTIONS,d8bnainxtot1t.cloudfront.net,category/tags,403,http://www.reed.org/list/blogterms.asp,Mozilla/5.0 (Windows CE; ru-RU; rv:1.9.1.20) Gecko/3600-07-06 12:52:05.865829 Firefox/9.0,post,b7828b8203d9c1a4042a48649d556497,Error,ccd91c7a-6f9c-4ebe-b498-56fd61a3aa92,archivesnationales-ht.com,HTTPS,3884,0.221,65.114.228.18,TLSv1.2,AES256-GCM-SHA384,Miss,HTTP/1.1,Processed,nan,39833,0.659,Miss,image/jpeg,106199,,
2025-07-02,12:19:39,BCC703-E9,94047,177.114.30.120,OPTIONS,d8bnainxtot1t.cloudfront.net,search,404,nan,"Mozilla/5.0 (Windows; U; Windows NT 4.0) AppleWebKit/531.3.1 (KHTML, like Gecko) Version/5.0 Safari/531.3.1",,nan,Miss,12e8fa80-c9a0-405d-af99-e052f3b77b1e,archivesnationales-ht.com,HTTPS,3214,1.847,205.53.57.74,TLSv1.2,ECDHE-RSA-AES128-GCM-SHA256,Error,HTTP/2.0,Processed,nan,22347,0.474,Miss,text/css,26189,,
2025-07-02,16:18:25,EAB878-E5,79504,67.178.131.117,DELETE,d8bnainxtot1t.cloudfront.net,main,403,nan,"Mozilla/5.0 (iPod; U; CPU iPhone OS 4_0 like Mac OS X; ar-ER) AppleWebKit/534.32.1 (KHTML, like Gecko) Version/4.0.5 Mobile/8B117 Safari/6534.32.1",search,770f7ec96d466c88031650b11518b657,Error,f10bb456-67e9-4419-be73-192db1f568e6,archivesnationales-ht.com,HTTPS,669,0.541,153.15.14.216,TLSv1.3,AES256-GCM-SHA384,Hit,HTTP/1.1,Failed,nan,17915,0.67,Error,text/css,482322,,
2025-07-02,10:29:29,ABC792-E6,85990,174.243.193.56,PUT,d8bnainxtot1t.cloudfront.net,categories/explore/category,403,https://fox-mcneil.net/appsearch.html,"Mozilla/5.0 (Windows; U; Windows 95) AppleWebKit/535.41.2 (KHTML, like Gecko) Version/5.0.3 Safari/535.41.2",,nan,Hit,5a8e76d2-a35c-4c74-8d7b-cf87682de939,archivesnationales-ht.com,HTTPS,2688,0.256,153.63.202.32,TLSv1.3,AES256-GCM-SHA384,LimitExceeded,HTTP/1.1,,nan,43143,0.327,BadGateway,application/javascript,333017,857,
2025-07-02,20:49:58,BBF458-E4,19985,163.56.223.44,POST,d8bnainxtot1t.cloudfront.net,tags/blog,200,http://harrison.com/listsearch.html,"Mozilla/5.0 (Linux; Android 4.4) AppleWebKit/531.1 (KHTML, like Gecko) Chrome/61.0.815.0 Safari/531.1",faq,nan,Hit,5d6a2963-54f2-4a42-a740-7c95222d37aa,archivesnationales-ht.com,HTTPS,1441,1.989,nan,TLSv1.2,AES256-GCM-SHA384,Error,HTTP/2.0,,court,49912,0.694,BadGateway,image/jpeg,167901,,
2025-07-02,14:19:22,EEF754-E8,9691,116.178.172.43,PUT,d8bnainxtot1t.cloudfront.net,blog/categories/posts,301,https://mcclain.net/main/explore/taglogin.jsp,Mozilla/5.0 (Windows NT 6.1; gu-IN; rv:1.9.0.20) Gecko/3358-05-10 16:54:02.613701 Firefox/3.8,faq,nan,Error,f004788c-1905-41d1-bed5-d699650f198a,archivesnationales-ht.com,HTTP,3733,2.404,5.37.158.84,None,None,Hit,HTTP/1.1,,nan,15605,0.85,Miss,text/html,172334,,
2025-07-02,17:59:50,BEE651-E3,10539,32.213.212.22,POST,d8bnainxtot1t.cloudfront.net,search,404,nan,Opera/8.96.(Windows 98; Win 9x 4.90; pt-BR) Presto/2.9.187 Version/12.00,home,nan,LimitExceeded,5386691a-e0eb-4a82-b08a-0e98d8b61bdc,archivesnationales-ht.com,HTTPS,1460,0.675,nan,TLSv1.2,AES256-GCM-SHA384,Error,HTTP/2.0,Failed,nan,19768,0.088,LambdaExecutionError,image/jpeg,290604,,
2025-07-02,13:09:15,FFE211-E4,39714,14.206.181.109,DELETE,d8bnainxtot1t.cloudfront.net,posts,200,http://nash.com/exploreabout.php,"Mozilla/5.0 (Macintosh; PPC Mac OS X 10_7_8 rv:3.0; ce-RU) AppleWebKit/533.29.6 (KHTML, like Gecko) Version/5.0 Safari/533.29.6",search,nan,Error,80ed994f-b6cb-44f8-97ab-ef45799876b5,archivesnationales-ht.com,HTTPS,4617,0.49,146.151.12.10,TLSv1.3,None,Miss,HTTP/1.1,Processed,nan,6501,0.744,LambdaExecutionError,application/javascript,291915,,
2025-07-02,00:01:44,BFD888-E1,91643,151.139.161.120,HEAD,d8bnainxtot1t.cloudfront.net,main,404,https://www.joseph.com/blog/blog/exploreabout.html,Mozilla/5.0 (X11; Linux i686; rv:1.9.7.20) Gecko/9046-08-23 00:56:49.324646 Firefox/3.8,main,f50f86d390186c4f0594f9c9a42a6f83,Error,84d6843e-c8f1-47be-b181-866e6eeb7508,archivesnationales-ht.com,HTTPS,2715,0.291,114.177.195.201,TLSv1.3,AES256-GCM-SHA384,LimitExceeded,HTTP/1.1,Processed,nan,59849,0.473,Hit,application/json,480797,,
2025-07-02,03:56:31,EAD104-E8,46000,167.174.192.189,DELETE,d8bnainxtot1t.cloudfront.net,app,404,https://www.adams.info/explore/listprivacy.htm,Opera/9.36.(Windows 98; Win 9x 4.90; csb-PL) Presto/2.9.178 Version/11.00,login,nan,LimitExceeded,e5a89e0e-8aec-458b-bc16-c884c2af8baf,archivesnationales-ht.com,HTTPS,1034,1.129,194.160.211.172,TLSv1.2,ECDHE-RSA-AES128-GCM-SHA256,LimitExceeded,HTTP/1.1,Failed,nan,6975,0.316,Error,application/json,135650,740,
2025-07-02,00:11:35,EDA160-E3,64875,176.102.66.160,OPTIONS,d8bnainxtot1t.cloudfront.net,explore/explore/tag,301,https://wilson.org/app/wp-contentterms.htm,Mozilla/5.0 (compatible; MSIE 5.0; Windows NT 5.1; Trident/3.0),,nan,LimitExceeded,a10f2767-2107-4187-8a30-5b4d2d3a7767,archivesnationales-ht.com,HTTPS,3210,2.19,145.70.3.57,TLSv1.3,AES256-GCM-SHA384,Hit,HTTP/1.1,Processed,nan,12325,0.713,Error,application/json,463443,,
2025-07-02,01:26:00,AFC547-E9,36400,149.15.221.105,POST,d8bnainxtot1t.cloudfront.net,wp-content/main/tag,200,https://peters.net/searchpost.htm,"Mozilla/5.0 (iPod; U; CPU iPhone OS 3_3 like Mac OS X; xh-ZA) AppleWebKit/532.23.4 (KHTML, like Gecko) Version/4.0.5 Mobile/8B114 Safari/6532.23.4",home,659d08f14b3f34f9f3871a7727fd6cad,Miss,52415425-2f35-41b3-afaa-78e69c430476,archivesnationales-ht.com,HTTPS,3834,0.941,107.17.170.117,TLSv1.2,None,Error,HTTP/2.0,,nan,20621,0.88,Error,application/json,293365,,
2025-07-02,13:31:05,ABD006-E8,3879,89.70.205.89,DELETE,d8bnainxtot1t.cloudfront.net,wp-content/category,200,nan,Mozilla/5.0 (X11; Linux x86_64; rv:1.9.7.20) Gecko/3995-01-15 05:03:43.076843 Firefox/15.0,homepage,nan,LimitExceeded,3f4d2c11-b4ea-453c-8d4d-0c78da926bad,archivesnationales-ht.com,HTTPS,2105,0.073,nan,TLSv1.3,None,LimitExceeded,HTTP/2.0,,nan,59131,0.861,BadGateway,text/css,388417,,1086
2025-07-02,06:42:51,EEF515-E1,31953,128.213.188.228,GET,d8bnainxtot1t.cloudfront.net,list,403,nan,Opera/8.60.(X11; Linux i686; hak-TW) Presto/2.9.169 Version/10.00,faq,nan,LimitExceeded,e9dd5699-232f-4df4-9ab0-afec29eb7ded,archivesnationales-ht.com,HTTPS,1824,1.715,89.117.49.22,TLSv1.3,None,Error,HTTP/1.1,Processed,nan,24308,0.818,Miss,application/json,150168,,
2025-07-02,09:04:06,ADD469-E5,3205,96.170.154.82,HEAD,d8bnainxtot1t.cloudfront.net,main/blog/posts,403,http://montoya.info/applogin.php,"Mozilla/5.0 (Linux; Android 2.3.7) AppleWebKit/534.0 (KHTML, like Gecko) Chrome/35.0.835.0 Safari/534.0",,a90842632673504aa93bdd2765a00605,Hit,a6ecfa36-5e52-42e4-b5f0-eea5e62d9c00,archivesnationales-ht.com,HTTPS,3608,0.029,133.35.156.64,None,AES256-GCM-SHA384,Miss,HTTP/1.1,Processed,beat,19400,0.478,Hit,application/json,368429,831,
2025-07-02,22:19:16,EDB961-E7,3902,196.187.156.56,DELETE,d8bnainxtot1t.cloudfront.net,main/tag/list,200,nan,Opera/9.83.(X11; Linux x86_64; ve-ZA) Presto/2.9.187 Version/12.00,,nan,Error,73932603-45da-4e71-b187-847df7f29c5a,archivesnationales-ht.com,HTTPS,374,0.279,155.248.171.12,TLSv1.3,AES256-GCM-SHA384,Error,HTTP/1.1,Processed,hundred,18483,0.808,Error,text/html,440456,87,1503
2025-07-02,22:04:25,CBB743-E0,71289,214.39.134.35,PUT,d8bnainxtot1t.cloudfront.net,list,404,http://www.frank-griffin.com/list/mainlogin.php,Mozilla/5.0 (Android 4.1; Mobile; rv:33.0) Gecko/33.0 Firefox/33.0,,7182fa82fcaae10b90d89221ed08defc,Miss,2f9a6e00-c9fd-4b26-81da-73fdec8503ef,archivesnationales-ht.com,HTTPS,1349,0.112,183.8.126.111,TLSv1.3,AES256-GCM-SHA384,LimitExceeded,HTTP/1.1,,nan,34146,0.342,Miss,text/html,232745,,
2025-07-02,09:34:18,DAA826-E2,21188,157.206.208.44,POST,d8bnainxtot1t.cloudfront.net,posts/search/tags,200,nan,Opera/8.42.(Windows NT 6.0; ug-CN) Presto/2.9.184 Version/11.00,,8e7170950310d55daf453e04cdbc480c,Miss,38388fff-ee62-4e1b-98a5-eb084d92121b,archivesnationales-ht.com,HTTP,2408,2.281,188.131.3.175,TLSv1.2,None,Error,HTTP/1.1,Failed,nan,18962,0.835,LambdaExecutionError,text/html,124062,,
2025-07-02,02:02:14,BFD080-E1,88224,216.242.38.217,HEAD,d8bnainxtot1t.cloudfront.net,main/tags,404,https://johnson-murillo.com/listlogin.php,"Mozilla/5.0 (iPod; U; CPU iPhone OS 4_2 like Mac OS X; be-BY) AppleWebKit/532.49.7 (KHTML, like Gecko) Version/4.0.5 Mobile/8B118 Safari/6532.49.7",homepage,nan,Error,1cf9e08f-a499-4726-b8d4-7439f52d5450,archivesnationales-ht.com,HTTP,3075,1.894,197.153.45.215,TLSv1.2,AES256-GCM-SHA384,Miss,HTTP/1.1,Failed,suddenly,11707,0.016,Error,application/json,76138,,
2025-07-02,19:55:06,FFD549-E7,63325,142.254.144.93,PUT,d8bnainxtot1t.cloudfront.net,categories/tags/app,403,https://lloyd.com/tags/categoryauthor.html,"Mozilla/5.0 (Macintosh; U; PPC Mac OS X 10_7_5) AppleWebKit/531.0 (KHTML, like Gecko) Chrome/55.0.888.0 Safari/531.0",index,nan,Hit,4da4bfe1-d867-4c2b-93c3-fdca4375a05b,archivesnationales-ht.com,HTTPS,2589,1.316,205.191.115.195,TLSv1.2,AES256-GCM-SHA384,Hit,HTTP/1.1,Failed,nan,51139,0.574,LambdaExecutionError,text/css,269535,482,
