date,time,x_edge_location,sc_bytes,c_ip,cs_method,cs_Host,cs_uri_stem,sc_status,cs_Referer,cs_User_Agent,cs_uri_query,cs_Cookie,x_edge_result_type,x_edge_request_id,x_host_header,cs_protocol,cs_bytes,time_taken,x_forwarded_for,ssl_protocol,ssl_cipher,x_edge_response_result_type,cs_protocol_version,fle_status,fle_encrypted_fields,c_port,time_to_first_byte,x_edge_detailed_result_type,sc_content_type,sc_content_len,sc_range_start,sc_range_end
2025-04-10,13:55:12,NRT20-P4,1211,43.133.14.237,GET,d8bnainxtot1t.cloudfront.net,/,200,http://archivesnationales-ht.com,"Mozilla/5.0%20(iPhone;%20CPU%20iPhone%20OS%2013_2_3%20like%20Mac%20OS%20X)%20AppleWebKit/605.1.15%20(KHTML,%20like%20Gecko)%20Version/13.0.3%20Mobile/15E148%20Safari/604.1",-,-,Miss,6dgGq5FY9iLTpnbkSS4gluXoB2KJx6okIL7Ic4bla8P03Q6O45LXGQ==,archivesnationales-ht.com,https,585,0.498,-,TLSv1.3,TLS_AES_128_GCM_SHA256,Miss,HTTP/1.1,-,-,58492,0.498,Miss,text/html,727,-,-
2025-04-10,13:55:11,NRT20-P4,570,43.133.14.237,GET,d8bnainxtot1t.cloudfront.net,/,301,-,"Mozilla/5.0%20(iPhone;%20CPU%20iPhone%20OS%2013_2_3%20like%20Mac%20OS%20X)%20AppleWebKit/605.1.15%20(KHTML,%20like%20Gecko)%20Version/13.0.3%20Mobile/15E148%20Safari/604.1",-,-,Redirect,tiy0p35ytjLdKsEgvH9CNFmBXl9vXxWYV2PRv1nJXgI2z4ZrsvokWA==,archivesnationales-ht.com,http,542,0.002,-,-,-,Redirect,HTTP/1.1,-,-,58948,0.002,Redirect,text/html,167,-,-
2025-04-24,12:12:30,SFO53-P4,570,170.106.167.214,GET,d8bnainxtot1t.cloudfront.net,/,301,-,"Mozilla/5.0%20(iPhone;%20CPU%20iPhone%20OS%2013_2_3%20like%20Mac%20OS%20X)%20AppleWebKit/605.1.15%20(KHTML,%20like%20Gecko)%20Version/13.0.3%20Mobile/15E148%20Safari/604.1",-,-,Redirect,jivysZTCOFzRJyCBR1ZYgVFT6uhx7u-UayvdLFB5E7xzVq4HLF4EEQ==,archivesnationales-ht.com,http,542,0.003,-,-,-,Redirect,HTTP/1.1,-,-,55036,0.003,Redirect,text/html,167,-,-
2025-04-24,12:12:31,SFO53-P4,1222,170.106.167.214,GET,d8bnainxtot1t.cloudfront.net,/,200,http://archivesnationales-ht.com,"Mozilla/5.0%20(iPhone;%20CPU%20iPhone%20OS%2013_2_3%20like%20Mac%20OS%20X)%20AppleWebKit/605.1.15%20(KHTML,%20like%20Gecko)%20Version/13.0.3%20Mobile/15E148%20Safari/604.1",-,-,Hit,u2GZLaEKvgBr0FvlN3bvENNxxlFG6t1rH2IQtDwbUmKNtJ7URUnjNA==,archivesnationales-ht.com,https,585,0.001,-,TLSv1.3,TLS_AES_128_GCM_SHA256,Hit,HTTP/1.1,-,-,33740,0.001,Hit,text/html,727,-,-
2025-04-25,01:00:08,SFO53-P4,570,170.106.193.108,GET,d8bnainxtot1t.cloudfront.net,/,301,-,"Mozilla/5.0%20(iPhone;%20CPU%20iPhone%20OS%2013_2_3%20like%20Mac%20OS%20X)%20AppleWebKit/605.1.15%20(KHTML,%20like%20Gecko)%20Version/13.0.3%20Mobile/15E148%20Safari/604.1",-,-,Redirect,4iaHVrYNAjZsI4e5qr0eWP_-tpmzpOHfhYeyibsPTNv3004xqu3LfQ==,archivesnationales-ht.com,http,542,0.003,-,-,-,Redirect,HTTP/1.1,-,-,52424,0.003,Redirect,text/html,167,-,-
2025-04-25,01:00:09,SFO53-P4,1245,170.106.193.108,GET,d8bnainxtot1t.cloudfront.net,/,200,http://archivesnationales-ht.com,"Mozilla/5.0%20(iPhone;%20CPU%20iPhone%20OS%2013_2_3%20like%20Mac%20OS%20X)%20AppleWebKit/605.1.15%20(KHTML,%20like%20Gecko)%20Version/13.0.3%20Mobile/15E148%20Safari/604.1",-,-,Hit,-UgiWKLgkxWv0xI6zP-5UdvbFSZFKUDH1K3WYB1eIZGRj8Dn5tO43A==,archivesnationales-ht.com,https,585,0.001,-,TLSv1.3,TLS_AES_128_GCM_SHA256,Hit,HTTP/1.1,-,-,52412,0.001,Hit,text/html,727,-,-
2025-04-25,13:58:12,IAD55-P6,1211,43.166.253.94,GET,d8bnainxtot1t.cloudfront.net,/,200,http://archivesnationales-ht.com,"Mozilla/5.0%20(iPhone;%20CPU%20iPhone%20OS%2013_2_3%20like%20Mac%20OS%20X)%20AppleWebKit/605.1.15%20(KHTML,%20like%20Gecko)%20Version/13.0.3%20Mobile/15E148%20Safari/604.1",-,-,Miss,LMUEI1YilWdXrh0iuRUpAaxY_SZvEZ9CQpPYaPqCosPzoPkGGizdNw==,archivesnationales-ht.com,https,585,0.062,-,TLSv1.3,TLS_AES_128_GCM_SHA256,Miss,HTTP/1.1,-,-,32998,0.062,Miss,text/html,727,-,-
2025-04-25,13:58:11,IAD55-P6,570,43.166.253.94,GET,d8bnainxtot1t.cloudfront.net,/,301,-,"Mozilla/5.0%20(iPhone;%20CPU%20iPhone%20OS%2013_2_3%20like%20Mac%20OS%20X)%20AppleWebKit/605.1.15%20(KHTML,%20like%20Gecko)%20Version/13.0.3%20Mobile/15E148%20Safari/604.1",-,-,Redirect,eYQIKiOvXxsyAoWkhg3FFdRL2utgfP5bU5bk2D-JU5ee2NGoG5pOxQ==,archivesnationales-ht.com,http,542,0.000,-,-,-,Redirect,HTTP/1.1,-,-,37952,0.000,Redirect,text/html,167,-,-
2025-05-01,17:23:42,SFO53-P4,570,124.221.245.78,GET,d8bnainxtot1t.cloudfront.net,/,301,-,"Mozilla/5.0%20(iPhone;%20CPU%20iPhone%20OS%2013_2_3%20like%20Mac%20OS%20X)%20AppleWebKit/605.1.15%20(KHTML,%20like%20Gecko)%20Version/13.0.3%20Mobile/15E148%20Safari/604.1",-,-,Redirect,eBf3dy0R_UGWZwmIuDEhrdnyXhPDpVi4mq5yrITqQz9d_M0E8LHC9Q==,archivesnationales-ht.com,http,542,0.000,-,-,-,Redirect,HTTP/1.1,-,-,48280,0.000,Redirect,text/html,167,-,-
2025-05-01,17:23:43,SFO53-P4,1245,124.221.245.78,GET,d8bnainxtot1t.cloudfront.net,/,200,http://archivesnationales-ht.com,"Mozilla/5.0%20(iPhone;%20CPU%20iPhone%20OS%2013_2_3%20like%20Mac%20OS%20X)%20AppleWebKit/605.1.15%20(KHTML,%20like%20Gecko)%20Version/13.0.3%20Mobile/15E148%20Safari/604.1",-,-,Hit,qEoeENM7AQe2yjZaAmlF5noWu5CUQ4-gFiiZ97rXviZ8dVKMx1bBvA==,archivesnationales-ht.com,https,585,0.021,-,TLSv1.3,TLS_AES_128_GCM_SHA256,Hit,HTTP/1.1,-,-,57424,0.021,Hit,text/html,727,-,-
2025-05-13,21:41:13,IAD55-P6,570,43.166.142.76,GET,d8bnainxtot1t.cloudfront.net,/,301,-,"Mozilla/5.0%20(iPhone;%20CPU%20iPhone%20OS%2013_2_3%20like%20Mac%20OS%20X)%20AppleWebKit/605.1.15%20(KHTML,%20like%20Gecko)%20Version/13.0.3%20Mobile/15E148%20Safari/604.1",-,-,Redirect,0w3QHSbgIGpVmHeVKyI3EnlgCN230vMzrDQtv3CimTkVzqJO2RgFSQ==,archivesnationales-ht.com,http,542,0.003,-,-,-,Redirect,HTTP/1.1,-,-,57606,0.003,Redirect,text/html,167,-,-
2025-05-13,21:41:14,IAD55-P6,1211,43.166.142.76,GET,d8bnainxtot1t.cloudfront.net,/,200,http://archivesnationales-ht.com,"Mozilla/5.0%20(iPhone;%20CPU%20iPhone%20OS%2013_2_3%20like%20Mac%20OS%20X)%20AppleWebKit/605.1.15%20(KHTML,%20like%20Gecko)%20Version/13.0.3%20Mobile/15E148%20Safari/604.1",-,-,Miss,47N42Ar6poEy22-tnsFr6ax9F5KIquOTFhQ5jO1lBjnDXQOja9q3ag==,archivesnationales-ht.com,https,585,0.103,-,TLSv1.3,TLS_AES_128_GCM_SHA256,Miss,HTTP/1.1,-,-,36366,0.103,Miss,text/html,727,-,-
2025-05-17,00:13:50,FRA56-P8,570,43.157.38.131,GET,d8bnainxtot1t.cloudfront.net,/,301,-,"Mozilla/5.0%20(iPhone;%20CPU%20iPhone%20OS%2013_2_3%20like%20Mac%20OS%20X)%20AppleWebKit/605.1.15%20(KHTML,%20like%20Gecko)%20Version/13.0.3%20Mobile/15E148%20Safari/604.1",-,-,Redirect,RvE_116QPO6KsvePHkBsuKO5FO0it-FMgXnbUwcY8DmmK3yYvyJLhg==,archivesnationales-ht.com,http,542,0.002,-,-,-,Redirect,HTTP/1.1,-,-,48314,0.002,Redirect,text/html,167,-,-
2025-05-17,00:13:52,FRA56-P8,1211,43.157.38.131,GET,d8bnainxtot1t.cloudfront.net,/,200,http://archivesnationales-ht.com,"Mozilla/5.0%20(iPhone;%20CPU%20iPhone%20OS%2013_2_3%20like%20Mac%20OS%20X)%20AppleWebKit/605.1.15%20(KHTML,%20like%20Gecko)%20Version/13.0.3%20Mobile/15E148%20Safari/604.1",-,-,Miss,J2xpL6bSMhem3Sc1bNuLQCZ2anrQqBNbTPkFVD_DiRjpbOpmlcPEUA==,archivesnationales-ht.com,https,585,0.361,-,TLSv1.3,TLS_AES_128_GCM_SHA256,Miss,HTTP/1.1,-,-,45224,0.361,Miss,text/html,727,-,-
2025-06-09,05:55:45,GRU3-P4,569,43.157.158.178,GET,d8bnainxtot1t.cloudfront.net,/,301,-,"Mozilla/5.0%20(iPhone;%20CPU%20iPhone%20OS%2013_2_3%20like%20Mac%20OS%20X)%20AppleWebKit/605.1.15%20(KHTML,%20like%20Gecko)%20Version/13.0.3%20Mobile/15E148%20Safari/604.1",-,-,Redirect,9Yf6Sp33xYOHZxoEyZ2hh2jZov_n8bv0qqR3Qx5HugKtt1-08FJ5-g==,archivesnationales-ht.com,http,542,0.002,-,-,-,Redirect,HTTP/1.1,-,-,56422,0.002,Redirect,text/html,167,-,-
2025-06-09,05:55:47,GRU3-P4,1210,43.157.158.178,GET,d8bnainxtot1t.cloudfront.net,/,200,http://archivesnationales-ht.com,"Mozilla/5.0%20(iPhone;%20CPU%20iPhone%20OS%2013_2_3%20like%20Mac%20OS%20X)%20AppleWebKit/605.1.15%20(KHTML,%20like%20Gecko)%20Version/13.0.3%20Mobile/15E148%20Safari/604.1",-,-,Miss,EXBGnxMExxwms_AfHwqw6CzR47XlfxjywFTNprZEppFfPEy4CPYXlQ==,archivesnationales-ht.com,https,585,0.393,-,TLSv1.3,TLS_AES_128_GCM_SHA256,Miss,HTTP/1.1,-,-,54608,0.393,Miss,text/html,727,-,-
2025-03-14,12:11:33,FRA56-P8,575,217.160.202.182,GET,d8bnainxtot1t.cloudfront.net,/,301,-,"Mozilla/5.0%20(Windows%20NT%2010.0;%20Win64;%20x64)%20AppleWebKit/537.36%20(KHTML,%20like%20Gecko)%20Chrome/91.0.4472.114%20Safari/537.36%20Edg/91.0.864.54",-,-,Redirect,FtGy-mUxXmV_pfib-mDcAP_Iq5KWyVzC6oB1x7qaeRmnCKksGQUxtA==,archivesnationales-ht.com,http,251,0.001,-,-,-,Redirect,HTTP/1.1,-,-,37732,0.001,Redirect,text/html,167,-,-
2025-03-14,12:11:33,FRA56-P8,819,217.160.202.182,GET,d8bnainxtot1t.cloudfront.net,/,200,-,"Mozilla/5.0%20(Windows%20NT%2010.0;%20Win64;%20x64)%20AppleWebKit/537.36%20(KHTML,%20like%20Gecko)%20Chrome/91.0.4472.114%20Safari/537.36%20Edg/91.0.864.54",-,-,Hit,B2oPOtPz0bbV_TDu8kDqFQAs8UH_C-1eZtRzZoN0y7DVvoVc3Kbu_A==,archivesnationales-ht.com,https,157,0.001,-,TLSv1.3,TLS_AES_128_GCM_SHA256,Hit,HTTP/2.0,-,-,60850,0.001,Hit,text/html,465,-,-
2025-03-18,17:55:59,ATL59-P12,485,66.249.77.129,GET,d8bnainxtot1t.cloudfront.net,/fr/documents/law-on-public-health-2021-nomination,403,-,"Mozilla/5.0%20(Linux;%20Android%206.0.1;%20Nexus%205X%20Build/MMB29P)%20AppleWebKit/537.36%20(KHTML,%20like%20Gecko)%20Chrome/133.0.6943.141%20Mobile%20Safari/537.36%20(compatible;%20Googlebot/2.1;%20+http://www.google.com/bot.html)",-,-,Error,QdYonSnEtqyKBBcSyL1C2v6sftnN0Dn_Mmjh6To8no3xOqXslhl3NQ==,archivesnationales-ht.com,https,552,0.138,-,TLSv1.3,TLS_AES_128_GCM_SHA256,Error,HTTP/1.1,-,-,45396,0.090,Error,application/xml,-,-,-
2025-04-02,13:23:31,DFW59-P1,599,207.204.248.111,GET,d8bnainxtot1t.cloudfront.net,/,301,-,python-requests/2.32.3,%253Cplay%253Ewithme%253C/%253E,-,Redirect,Ff5RNiPiBCX7xEUdtPldXhMlM_EXnMAXknKsZeYgIL-vips8aWNJ4g==,archivesnationales-ht.com,http,180,0.002,-,-,-,Redirect,HTTP/1.1,-,-,56528,0.002,Redirect,text/html,167,-,-
2025-04-02,13:23:31,DFW59-P1,1405,207.204.248.110,POST,d8bnainxtot1t.cloudfront.net,/,403,-,python-requests/2.32.3,-,-,Error,o-zEITZAfOz-jWzCwsJHSD3kfeWQF-1jsAZYz6xI6ewbz6cKPBV1EQ==,archivesnationales-ht.com,http,239,0.002,-,-,-,Error,HTTP/1.1,-,-,54985,0.002,InvalidRequestMethod,text/html,1053,-,-
2025-04-02,13:23:30,DFW59-P1,579,207.204.248.111,GET,d8bnainxtot1t.cloudfront.net,/.env,301,-,python-requests/2.32.3,-,-,Redirect,FiHEbna-m-Gh_lMVcoZvYET1ARGIX5K0v_on8hetjxXV6qnt41-MVA==,archivesnationales-ht.com,http,160,0.002,-,-,-,Redirect,HTTP/1.1,-,-,59713,0.002,Redirect,text/html,167,-,-
2025-04-02,13:23:31,DFW59-P1,1405,207.204.248.110,POST,d8bnainxtot1t.cloudfront.net,/,403,-,python-requests/2.32.3,-,-,Error,0V35Wll0LMyPh0IxGtCJpL6fGRtf9ZAdzC_NyWFPoew8aDtij7DAvQ==,archivesnationales-ht.com,http,241,0.001,-,-,-,Error,HTTP/1.1,-,-,55029,0.001,InvalidRequestMethod,text/html,1053,-,-
2025-04-02,13:23:31,DFW59-P1,1405,207.204.248.111,POST,d8bnainxtot1t.cloudfront.net,/,403,-,python-requests/2.32.3,-,-,Error,3LvfPWHoYoj8mIlDFguLk3fGwOvQy3OGg8PuFMKN6ssyJptv0wmI6g==,archivesnationales-ht.com,http,246,0.002,-,-,-,Error,HTTP/1.1,-,-,55231,0.002,InvalidRequestMethod,text/html,1053,-,-
2025-05-04,00:11:58,SFO53-P4,570,49.51.73.183,GET,d8bnainxtot1t.cloudfront.net,/,301,-,"Mozilla/5.0%20(iPhone;%20CPU%20iPhone%20OS%2013_2_3%20like%20Mac%20OS%20X)%20AppleWebKit/605.1.15%20(KHTML,%20like%20Gecko)%20Version/13.0.3%20Mobile/15E148%20Safari/604.1",-,-,Redirect,YXSl8bq138hv9bxD8XY6ZmF8jzLETTw8tX4x4VgVe2y7zPL5Lv4EYQ==,archivesnationales-ht.com,http,542,0.000,-,-,-,Redirect,HTTP/1.1,-,-,34146,0.000,Redirect,text/html,167,-,-
2025-05-04,00:12:00,SFO53-P4,1211,49.51.73.183,GET,d8bnainxtot1t.cloudfront.net,/,200,http://archivesnationales-ht.com,"Mozilla/5.0%20(iPhone;%20CPU%20iPhone%20OS%2013_2_3%20like%20Mac%20OS%20X)%20AppleWebKit/605.1.15%20(KHTML,%20like%20Gecko)%20Version/13.0.3%20Mobile/15E148%20Safari/604.1",-,-,Miss,PX-iM8e3fFv_mZTGD6Lr1Laq1v9Va47NxTWI6ulfU2ep1cw5UAMzxw==,archivesnationales-ht.com,https,585,0.255,-,TLSv1.3,TLS_AES_128_GCM_SHA256,Miss,HTTP/1.1,-,-,54322,0.255,Miss,text/html,727,-,-
2025-05-05,11:20:07,NRT20-P4,570,124.156.225.181,GET,d8bnainxtot1t.cloudfront.net,/,301,-,"Mozilla/5.0%20(iPhone;%20CPU%20iPhone%20OS%2013_2_3%20like%20Mac%20OS%20X)%20AppleWebKit/605.1.15%20(KHTML,%20like%20Gecko)%20Version/13.0.3%20Mobile/15E148%20Safari/604.1",-,-,Redirect,ACqRPq8qKprhvTJZmLkIUr_OrScUUacZJYol15K2xiQ4UkDozg_Hyg==,archivesnationales-ht.com,http,542,0.000,-,-,-,Redirect,HTTP/1.1,-,-,50744,0.000,Redirect,text/html,167,-,-
2025-05-05,11:20:09,NRT20-P4,1222,124.156.225.181,GET,d8bnainxtot1t.cloudfront.net,/,200,http://archivesnationales-ht.com,"Mozilla/5.0%20(iPhone;%20CPU%20iPhone%20OS%2013_2_3%20like%20Mac%20OS%20X)%20AppleWebKit/605.1.15%20(KHTML,%20like%20Gecko)%20Version/13.0.3%20Mobile/15E148%20Safari/604.1",-,-,Hit,v8DN0PsVxnLO209Ei2_5alvGuQmqgOviUCP5ijYo6YX95GiRuxmteA==,archivesnationales-ht.com,https,585,0.004,-,TLSv1.3,TLS_AES_128_GCM_SHA256,Hit,HTTP/1.1,-,-,49188,0.004,Hit,text/html,727,-,-
2025-05-14,01:51:47,AMS58-P2,570,121.229.185.160,GET,d8bnainxtot1t.cloudfront.net,/,301,-,"Mozilla/5.0%20(iPhone;%20CPU%20iPhone%20OS%2013_2_3%20like%20Mac%20OS%20X)%20AppleWebKit/605.1.15%20(KHTML,%20like%20Gecko)%20Version/13.0.3%20Mobile/15E148%20Safari/604.1",-,-,Redirect,2S9pGXY0BcFq-wVVVjtnbZsJLtNfuZvZ68cfpyXsQ7dhVZW-CE3ZSA==,archivesnationales-ht.com,http,542,0.001,-,-,-,Redirect,HTTP/1.1,-,-,57359,0.001,Redirect,text/html,167,-,-
2025-05-14,01:51:48,AMS58-P2,1222,121.229.185.160,GET,d8bnainxtot1t.cloudfront.net,/,200,http://archivesnationales-ht.com,"Mozilla/5.0%20(iPhone;%20CPU%20iPhone%20OS%2013_2_3%20like%20Mac%20OS%20X)%20AppleWebKit/605.1.15%20(KHTML,%20like%20Gecko)%20Version/13.0.3%20Mobile/15E148%20Safari/604.1",-,-,Hit,pnI5ZrH3Kgzi_hUSqgcWtx_2UVPVczelT7Qz8ilZZlCyiTVIjBrUjw==,archivesnationales-ht.com,https,585,0.009,-,TLSv1.3,TLS_AES_128_GCM_SHA256,Hit,HTTP/1.1,-,-,39394,0.008,Hit,text/html,727,-,-
2025-05-15,15:13:17,FRA56-P8,570,43.157.53.115,GET,d8bnainxtot1t.cloudfront.net,/,301,-,"Mozilla/5.0%20(iPhone;%20CPU%20iPhone%20OS%2013_2_3%20like%20Mac%20OS%20X)%20AppleWebKit/605.1.15%20(KHTML,%20like%20Gecko)%20Version/13.0.3%20Mobile/15E148%20Safari/604.1",-,-,Redirect,VZF6gNWcF0xD6_zR8gxulWdnUOO6jYhkI0JnkGqMQP0aLNq1jum38A==,archivesnationales-ht.com,http,542,0.002,-,-,-,Redirect,HTTP/1.1,-,-,54394,0.002,Redirect,text/html,167,-,-
2025-05-15,15:13:18,FRA56-P8,1211,43.157.53.115,GET,d8bnainxtot1t.cloudfront.net,/,200,http://archivesnationales-ht.com,"Mozilla/5.0%20(iPhone;%20CPU%20iPhone%20OS%2013_2_3%20like%20Mac%20OS%20X)%20AppleWebKit/605.1.15%20(KHTML,%20like%20Gecko)%20Version/13.0.3%20Mobile/15E148%20Safari/604.1",-,-,Miss,WqjAJOteUH254PQAcTXClOEq-0Mnu4s45eKrWfM5dK3-yoPNTLUowg==,archivesnationales-ht.com,https,585,0.343,-,TLSv1.3,TLS_AES_128_GCM_SHA256,Miss,HTTP/1.1,-,-,55326,0.343,Miss,text/html,727,-,-
2025-05-21,10:15:14,IAD55-P6,1211,43.166.247.82,GET,d8bnainxtot1t.cloudfront.net,/,200,http://archivesnationales-ht.com,"Mozilla/5.0%20(iPhone;%20CPU%20iPhone%20OS%2013_2_3%20like%20Mac%20OS%20X)%20AppleWebKit/605.1.15%20(KHTML,%20like%20Gecko)%20Version/13.0.3%20Mobile/15E148%20Safari/604.1",-,-,Miss,ZPGipMM4m6MRLeeOMT_So2x4NAJ03b471BLOZztvAfzgfbtUBdPekw==,archivesnationales-ht.com,https,585,0.082,-,TLSv1.3,TLS_AES_128_GCM_SHA256,Miss,HTTP/1.1,-,-,43486,0.082,Miss,text/html,727,-,-
2025-05-21,10:15:12,IAD55-P6,570,43.166.247.82,GET,d8bnainxtot1t.cloudfront.net,/,301,-,"Mozilla/5.0%20(iPhone;%20CPU%20iPhone%20OS%2013_2_3%20like%20Mac%20OS%20X)%20AppleWebKit/605.1.15%20(KHTML,%20like%20Gecko)%20Version/13.0.3%20Mobile/15E148%20Safari/604.1",-,-,Redirect,GB1hSnc0sNNwtB6kjPDijVXjy9OpqrNKZnYCnZpT8MfTO5i2I6U00A==,archivesnationales-ht.com,http,542,0.002,-,-,-,Redirect,HTTP/1.1,-,-,48528,0.002,Redirect,text/html,167,-,-
2025-06-09,01:02:07,SFO53-P4,570,49.51.203.164,GET,d8bnainxtot1t.cloudfront.net,/,301,-,"Mozilla/5.0%20(iPhone;%20CPU%20iPhone%20OS%2013_2_3%20like%20Mac%20OS%20X)%20AppleWebKit/605.1.15%20(KHTML,%20like%20Gecko)%20Version/13.0.3%20Mobile/15E148%20Safari/604.1",-,-,Redirect,JFk3V3k18caoAtpNr33A0F3NaO0VzoFEHvTvgUJfu2KGwGy8Eq9qSg==,archivesnationales-ht.com,http,542,0.000,-,-,-,Redirect,HTTP/1.1,-,-,38824,0.000,Redirect,text/html,167,-,-
2025-06-09,01:02:08,SFO53-P4,1211,49.51.203.164,GET,d8bnainxtot1t.cloudfront.net,/,200,http://archivesnationales-ht.com,"Mozilla/5.0%20(iPhone;%20CPU%20iPhone%20OS%2013_2_3%20like%20Mac%20OS%20X)%20AppleWebKit/605.1.15%20(KHTML,%20like%20Gecko)%20Version/13.0.3%20Mobile/15E148%20Safari/604.1",-,-,Miss,w0Fzc8Hyv2fOiF8HaC5GKLeUhLcQ7y6OC5ytVdTU-QIb2Hc7_x5x8Q==,archivesnationales-ht.com,https,585,0.269,-,TLSv1.3,TLS_AES_128_GCM_SHA256,Miss,HTTP/1.1,-,-,40724,0.269,Miss,text/html,727,-,-
2025-06-10,10:58:49,SFO53-P4,570,43.135.145.117,GET,d8bnainxtot1t.cloudfront.net,/,301,-,"Mozilla/5.0%20(iPhone;%20CPU%20iPhone%20OS%2013_2_3%20like%20Mac%20OS%20X)%20AppleWebKit/605.1.15%20(KHTML,%20like%20Gecko)%20Version/13.0.3%20Mobile/15E148%20Safari/604.1",-,-,Redirect,_SthcCOgodKbTC0UZeSIC7V23ZbQYR8qHSdP68Fucns22PqHwu20kg==,archivesnationales-ht.com,http,542,0.000,-,-,-,Redirect,HTTP/1.1,-,-,38700,0.000,Redirect,text/html,167,-,-
2025-06-10,10:58:50,SFO53-P4,1245,43.135.145.117,GET,d8bnainxtot1t.cloudfront.net,/,200,http://archivesnationales-ht.com,"Mozilla/5.0%20(iPhone;%20CPU%20iPhone%20OS%2013_2_3%20like%20Mac%20OS%20X)%20AppleWebKit/605.1.15%20(KHTML,%20like%20Gecko)%20Version/13.0.3%20Mobile/15E148%20Safari/604.1",-,-,Hit,JHnbLntUPptLeSG4ZynzcGVyE_dGmEBm0mBGE4IJTZO1D3wTC0bMOg==,archivesnationales-ht.com,https,585,0.021,-,TLSv1.3,TLS_AES_128_GCM_SHA256,Hit,HTTP/1.1,-,-,54556,0.021,Hit,text/html,727,-,-
2025-03-14,19:37:36,LAX50-P4,570,125.94.144.102,GET,d8bnainxtot1t.cloudfront.net,/,301,-,"Mozilla/5.0%20(iPhone;%20CPU%20iPhone%20OS%2013_2_3%20like%20Mac%20OS%20X)%20AppleWebKit/605.1.15%20(KHTML,%20like%20Gecko)%20Version/13.0.3%20Mobile/15E148%20Safari/604.1",-,-,Redirect,80N6x0FL0afAQDSTxSIisOwWMKg5X8Du_N5yEo3oFIJ3smuE_Jy_uA==,archivesnationales-ht.com,http,542,0.001,-,-,-,Redirect,HTTP/1.1,-,-,40205,0.001,Redirect,text/html,167,-,-
2025-03-14,19:37:37,LAX50-P4,949,125.94.144.102,GET,d8bnainxtot1t.cloudfront.net,/,200,http://archivesnationales-ht.com,"Mozilla/5.0%20(iPhone;%20CPU%20iPhone%20OS%2013_2_3%20like%20Mac%20OS%20X)%20AppleWebKit/605.1.15%20(KHTML,%20like%20Gecko)%20Version/13.0.3%20Mobile/15E148%20Safari/604.1",-,-,Miss,isPV21a8M9eatgHMuA04gQaLKcRdWN89JhEK1w1twojfUY7QEcAVyw==,archivesnationales-ht.com,https,585,0.256,-,TLSv1.3,TLS_AES_128_GCM_SHA256,Miss,HTTP/1.1,-,-,59450,0.256,Miss,text/html,465,-,-
2025-03-23,12:27:58,FRA56-P8,610,162.158.203.156,GET,d8bnainxtot1t.cloudfront.net,/wordpress/wp-admin/setup-config.php,301,-,"Mozilla/5.0%20(Windows%20NT%2010.0;%20Win64;%20x64)%20AppleWebKit/537.36%20(KHTML,%20like%20Gecko)%20Chrome/133.0.0.0%20Safari/537.36",-,-,Redirect,9JoQPy7D9NPYMnotJ2STsg7blOahPLbkNizkfDJTJRjJthOFuVzw3Q==,archivesnationales-ht.com,http,693,0.000,2a06:98c0:3600::103,-,-,Redirect,HTTP/1.1,-,-,13872,0.000,Redirect,text/html,167,-,-
2025-03-23,12:27:59,FRA56-P8,350,162.158.202.138,GET,d8bnainxtot1t.cloudfront.net,/wordpress/wp-admin/setup-config.php,403,-,"Mozilla/5.0%20(Windows%20NT%2010.0;%20Win64;%20x64)%20AppleWebKit/537.36%20(KHTML,%20like%20Gecko)%20Chrome/133.0.0.0%20Safari/537.36",-,-,Error,7md1H_AfEZI3Luk8O1dYvuv1i2RQz49y-jSesNGGp4vgfioEjMd-rA==,archivesnationales-ht.com,https,459,0.305,2a06:98c0:3600::103,TLSv1.3,TLS_AES_128_GCM_SHA256,Error,HTTP/2.0,-,-,61350,0.305,Error,application/xml,-,-,-
2025-03-31,06:03:57,FRA56-P8,1222,181.214.218.192,GET,d8bnainxtot1t.cloudfront.net,/,200,https://archivesnationales-ht.com/,"Mozilla/5.0%20(Windows%20NT%2010.0;%20Win64;%20x64)%20AppleWebKit/537.36%20(KHTML,%20like%20Gecko)%20Chrome/130.0.0.0%20Safari/537.36%20CCleaner/130.0.0.0",-,-,Hit,03vYSPMtWmqnCMsSNAukt0sTWhoh1SGQjMZ65aunKRP5k0tQMDx9Ow==,archivesnationales-ht.com,https,343,0.002,-,TLSv1.2,ECDHE-RSA-AES128-GCM-SHA256,Hit,HTTP/1.0,-,-,2592,0.002,Hit,text/html,727,-,-
2025-03-31,06:03:56,FRA56-P8,570,181.214.218.192,GET,d8bnainxtot1t.cloudfront.net,/,301,http://archivesnationales-ht.com/,"Mozilla/5.0%20(Windows%20NT%2010.0;%20Win64;%20x64)%20AppleWebKit/537.36%20(KHTML,%20like%20Gecko)%20Chrome/130.0.0.0%20Safari/537.36%20CCleaner/130.0.0.0",-,-,Redirect,uZWe5Cv5RQcCPeriCJltf0kM10ETRph7TYlQaCPq55HZtAFHFIPdrg==,archivesnationales-ht.com,http,342,0.001,-,-,-,Redirect,HTTP/1.0,-,-,2591,0.001,Redirect,text/html,167,-,-
2025-04-02,06:51:08,WAW51-P1,352,172.68.159.171,GET,d8bnainxtot1t.cloudfront.net,/wordpress/wp-admin/setup-config.php,403,-,"Mozilla/5.0%20(Windows%20NT%2010.0;%20Win64;%20x64)%20AppleWebKit/537.36%20(KHTML,%20like%20Gecko)%20Chrome/134.0.0.0%20Safari/537.36",-,-,Error,hSz7MwPBksWOxWwMkb8Q726PwsjP-ColDnpDoVX6JFMANK3ro4Kwxw==,archivesnationales-ht.com,https,458,0.323,2a06:98c0:3600::103,TLSv1.3,TLS_AES_128_GCM_SHA256,Error,HTTP/2.0,-,-,35234,0.323,Error,application/xml,-,-,-
2025-04-02,06:51:07,WAW51-P1,610,162.158.172.240,GET,d8bnainxtot1t.cloudfront.net,/wordpress/wp-admin/setup-config.php,301,-,"Mozilla/5.0%20(Windows%20NT%2010.0;%20Win64;%20x64)%20AppleWebKit/537.36%20(KHTML,%20like%20Gecko)%20Chrome/134.0.0.0%20Safari/537.36",-,-,Redirect,hQiCOFoaBzvhZIgCI0JaA4k-M4495nPRMMTrJn2LHgq1RNKDHyI9Fw==,archivesnationales-ht.com,http,691,0.002,2a06:98c0:3600::103,-,-,Redirect,HTTP/1.1,-,-,32290,0.002,Redirect,text/html,167,-,-
2025-04-02,16:48:10,IAD55-P6,1222,170.106.161.78,GET,d8bnainxtot1t.cloudfront.net,/,200,http://archivesnationales-ht.com,"Mozilla/5.0%20(iPhone;%20CPU%20iPhone%20OS%2013_2_3%20like%20Mac%20OS%20X)%20AppleWebKit/605.1.15%20(KHTML,%20like%20Gecko)%20Version/13.0.3%20Mobile/15E148%20Safari/604.1",-,-,Hit,s5cwQWRO34JhilGPXThgS9sOCWT0j1ffn5EXQz0XMXO1uwnnQv_ckA==,archivesnationales-ht.com,https,585,0.002,-,TLSv1.3,TLS_AES_128_GCM_SHA256,Hit,HTTP/1.1,-,-,58070,0.002,Hit,text/html,727,-,-
2025-04-02,16:48:09,IAD55-P6,570,170.106.161.78,GET,d8bnainxtot1t.cloudfront.net,/,301,-,"Mozilla/5.0%20(iPhone;%20CPU%20iPhone%20OS%2013_2_3%20like%20Mac%20OS%20X)%20AppleWebKit/605.1.15%20(KHTML,%20like%20Gecko)%20Version/13.0.3%20Mobile/15E148%20Safari/604.1",-,-,Redirect,lrHTgTcQ1d20oEEevGIJNX5vTg8t_87Vr12S0HrSFr9ROUInL30CRQ==,archivesnationales-ht.com,http,542,0.000,-,-,-,Redirect,HTTP/1.1,-,-,44546,0.000,Redirect,text/html,167,-,-
2025-04-06,10:00:08,IAD55-P6,570,43.130.111.40,GET,d8bnainxtot1t.cloudfront.net,/,301,-,"Mozilla/5.0%20(iPhone;%20CPU%20iPhone%20OS%2013_2_3%20like%20Mac%20OS%20X)%20AppleWebKit/605.1.15%20(KHTML,%20like%20Gecko)%20Version/13.0.3%20Mobile/15E148%20Safari/604.1",-,-,Redirect,brPh9xZXj1kSpEg62ckGy7Zfsknha-V153FNPdj3YBQ7r4uBS4EHtg==,archivesnationales-ht.com,http,542,0.002,-,-,-,Redirect,HTTP/1.1,-,-,33938,0.002,Redirect,text/html,167,-,-
2025-04-06,10:00:09,IAD55-P6,1211,43.130.111.40,GET,d8bnainxtot1t.cloudfront.net,/,200,http://archivesnationales-ht.com,"Mozilla/5.0%20(iPhone;%20CPU%20iPhone%20OS%2013_2_3%20like%20Mac%20OS%20X)%20AppleWebKit/605.1.15%20(KHTML,%20like%20Gecko)%20Version/13.0.3%20Mobile/15E148%20Safari/604.1",-,-,Miss,5ROiRSqySS-j5cEXTk92vllxs5Gqn8EDgH2TItiP1_sAfmN-pZ0t5Q==,archivesnationales-ht.com,https,585,0.062,-,TLSv1.3,TLS_AES_128_GCM_SHA256,Miss,HTTP/1.1,-,-,35974,0.062,Miss,text/html,727,-,-
2025-04-08,09:46:33,SFO53-P4,570,170.106.179.68,GET,d8bnainxtot1t.cloudfront.net,/,301,-,"Mozilla/5.0%20(iPhone;%20CPU%20iPhone%20OS%2013_2_3%20like%20Mac%20OS%20X)%20AppleWebKit/605.1.15%20(KHTML,%20like%20Gecko)%20Version/13.0.3%20Mobile/15E148%20Safari/604.1",-,-,Redirect,eTqWJKhpleqW8O19oF82xHFTx0ydvKBgmeEDsFP4PyGdxZToQUAPKQ==,archivesnationales-ht.com,http,542,0.000,-,-,-,Redirect,HTTP/1.1,-,-,59126,0.000,Redirect,text/html,167,-,-
2025-04-08,09:46:35,SFO53-P4,1245,170.106.179.68,GET,d8bnainxtot1t.cloudfront.net,/,200,http://archivesnationales-ht.com,"Mozilla/5.0%20(iPhone;%20CPU%20iPhone%20OS%2013_2_3%20like%20Mac%20OS%20X)%20AppleWebKit/605.1.15%20(KHTML,%20like%20Gecko)%20Version/13.0.3%20Mobile/15E148%20Safari/604.1",-,-,Hit,gqgC_m4KAtNWJkwpIjoHRytF67lZSdkncMapWkavPatH3uj5GnEfCw==,archivesnationales-ht.com,https,585,0.003,-,TLSv1.3,TLS_AES_128_GCM_SHA256,Hit,HTTP/1.1,-,-,35990,0.003,Hit,text/html,727,-,-
2025-04-09,18:04:26,ICN80-P1,1211,43.133.91.48,GET,d8bnainxtot1t.cloudfront.net,/,200,http://archivesnationales-ht.com,"Mozilla/5.0%20(iPhone;%20CPU%20iPhone%20OS%2013_2_3%20like%20Mac%20OS%20X)%20AppleWebKit/605.1.15%20(KHTML,%20like%20Gecko)%20Version/13.0.3%20Mobile/15E148%20Safari/604.1",-,-,Miss,1uSgJ-26wrTpR1wQvMcq69bnO4_RPnLLnvfMN_FrPh-_BJe-faPipQ==,archivesnationales-ht.com,https,585,0.591,-,TLSv1.3,TLS_AES_128_GCM_SHA256,Miss,HTTP/1.1,-,-,47632,0.591,Miss,text/html,727,-,-
2025-04-09,18:04:24,ICN80-P1,570,43.133.91.48,GET,d8bnainxtot1t.cloudfront.net,/,301,-,"Mozilla/5.0%20(iPhone;%20CPU%20iPhone%20OS%2013_2_3%20like%20Mac%20OS%20X)%20AppleWebKit/605.1.15%20(KHTML,%20like%20Gecko)%20Version/13.0.3%20Mobile/15E148%20Safari/604.1",-,-,Redirect,NOflLMa6bFHoxk7lA-6RmRoDfGCX1fz7NsEHjz5qGVNWh8mKp6WtjQ==,archivesnationales-ht.com,http,542,0.003,-,-,-,Redirect,HTTP/1.1,-,-,38204,0.003,Redirect,text/html,167,-,-
2025-04-25,18:26:01,NRT20-P4,1222,122.51.104.231,GET,d8bnainxtot1t.cloudfront.net,/,200,http://archivesnationales-ht.com,"Mozilla/5.0%20(iPhone;%20CPU%20iPhone%20OS%2013_2_3%20like%20Mac%20OS%20X)%20AppleWebKit/605.1.15%20(KHTML,%20like%20Gecko)%20Version/13.0.3%20Mobile/15E148%20Safari/604.1",-,-,Hit,62i1YV9sx4gnQBeJJhr8lK-sFSJ1XJu3nZ-ddbiAxqyTQgqVlG_2nw==,archivesnationales-ht.com,https,585,0.001,-,TLSv1.3,TLS_AES_128_GCM_SHA256,Hit,HTTP/1.1,-,-,37390,0.001,Hit,text/html,727,-,-
2025-04-25,18:25:57,NRT20-P4,570,122.51.104.231,GET,d8bnainxtot1t.cloudfront.net,/,301,-,"Mozilla/5.0%20(iPhone;%20CPU%20iPhone%20OS%2013_2_3%20like%20Mac%20OS%20X)%20AppleWebKit/605.1.15%20(KHTML,%20like%20Gecko)%20Version/13.0.3%20Mobile/15E148%20Safari/604.1",-,-,Redirect,96F1hmYd1MG2azem50YSZgXM7zIH_qWj5s7UT8ZJYohEmJPA6_Te4Q==,archivesnationales-ht.com,http,542,0.000,-,-,-,Redirect,HTTP/1.1,-,-,39550,0.000,Redirect,text/html,167,-,-
2025-04-30,12:02:12,SFO53-P4,1211,43.153.123.3,GET,d8bnainxtot1t.cloudfront.net,/,200,http://archivesnationales-ht.com,"Mozilla/5.0%20(iPhone;%20CPU%20iPhone%20OS%2013_2_3%20like%20Mac%20OS%20X)%20AppleWebKit/605.1.15%20(KHTML,%20like%20Gecko)%20Version/13.0.3%20Mobile/15E148%20Safari/604.1",-,-,Miss,67eO3rET8UQNYlCRaG35Sm9vMENTx_L2teL9k5rf6CfdrsnrS0UP7g==,archivesnationales-ht.com,https,585,0.332,-,TLSv1.3,TLS_AES_128_GCM_SHA256,Miss,HTTP/1.1,-,-,51398,0.332,Miss,text/html,727,-,-
2025-04-30,12:02:10,SFO53-P4,570,43.153.123.3,GET,d8bnainxtot1t.cloudfront.net,/,301,-,"Mozilla/5.0%20(iPhone;%20CPU%20iPhone%20OS%2013_2_3%20like%20Mac%20OS%20X)%20AppleWebKit/605.1.15%20(KHTML,%20like%20Gecko)%20Version/13.0.3%20Mobile/15E148%20Safari/604.1",-,-,Redirect,u2yfO-GxESs2QjzU87mGrT1WUbUfxXYmcSMLgTO7nZV9msbkywKs7A==,archivesnationales-ht.com,http,542,0.000,-,-,-,Redirect,HTTP/1.1,-,-,39842,0.000,Redirect,text/html,167,-,-
2025-05-09,00:13:33,SIN2-P3,1210,43.156.202.34,GET,d8bnainxtot1t.cloudfront.net,/,200,http://archivesnationales-ht.com,"Mozilla/5.0%20(iPhone;%20CPU%20iPhone%20OS%2013_2_3%20like%20Mac%20OS%20X)%20AppleWebKit/605.1.15%20(KHTML,%20like%20Gecko)%20Version/13.0.3%20Mobile/15E148%20Safari/604.1",-,-,Miss,kPVw1iU-5JghozBufsYswxpGhZvsaRdCNtmDxK0e81rNc0VM59fnVg==,archivesnationales-ht.com,https,585,0.715,-,TLSv1.3,TLS_AES_128_GCM_SHA256,Miss,HTTP/1.1,-,-,33948,0.715,Miss,text/html,727,-,-
2025-05-09,00:13:31,SIN2-P3,569,43.156.202.34,GET,d8bnainxtot1t.cloudfront.net,/,301,-,"Mozilla/5.0%20(iPhone;%20CPU%20iPhone%20OS%2013_2_3%20like%20Mac%20OS%20X)%20AppleWebKit/605.1.15%20(KHTML,%20like%20Gecko)%20Version/13.0.3%20Mobile/15E148%20Safari/604.1",-,-,Redirect,IHd_BbUhbwgjxnTnktXlAshM1cJuRRdPoHFM2nq7wZ9MGxY3gQM3og==,archivesnationales-ht.com,http,542,0.001,-,-,-,Redirect,HTTP/1.1,-,-,53962,0.001,Redirect,text/html,167,-,-
2025-05-11,06:34:25,IAD55-P6,570,43.130.71.237,GET,d8bnainxtot1t.cloudfront.net,/,301,-,"Mozilla/5.0%20(iPhone;%20CPU%20iPhone%20OS%2013_2_3%20like%20Mac%20OS%20X)%20AppleWebKit/605.1.15%20(KHTML,%20like%20Gecko)%20Version/13.0.3%20Mobile/15E148%20Safari/604.1",-,-,Redirect,zt2mv5U0B3ZB-J2qiz_sVqAES-u7rV6cH4WVfu9MFpo4WaWsWz9IEA==,archivesnationales-ht.com,http,542,0.002,-,-,-,Redirect,HTTP/1.1,-,-,53298,0.002,Redirect,text/html,167,-,-
2025-05-11,06:34:26,IAD55-P6,1211,43.130.71.237,GET,d8bnainxtot1t.cloudfront.net,/,200,http://archivesnationales-ht.com,"Mozilla/5.0%20(iPhone;%20CPU%20iPhone%20OS%2013_2_3%20like%20Mac%20OS%20X)%20AppleWebKit/605.1.15%20(KHTML,%20like%20Gecko)%20Version/13.0.3%20Mobile/15E148%20Safari/604.1",-,-,Miss,2EClkPYrG4-FomTMXcTuVk_pisAr2vmYr6g50wGQpP9qzqbfTGBfSw==,archivesnationales-ht.com,https,585,0.076,-,TLSv1.3,TLS_AES_128_GCM_SHA256,Miss,HTTP/1.1,-,-,55562,0.076,Miss,text/html,727,-,-
2025-05-12,10:27:37,NRT20-P4,1211,182.44.67.97,GET,d8bnainxtot1t.cloudfront.net,/,200,http://archivesnationales-ht.com,"Mozilla/5.0%20(iPhone;%20CPU%20iPhone%20OS%2013_2_3%20like%20Mac%20OS%20X)%20AppleWebKit/605.1.15%20(KHTML,%20like%20Gecko)%20Version/13.0.3%20Mobile/15E148%20Safari/604.1",-,-,Miss,Ogj-h3loCLtqy65tQRQD453KwEG2-497o8l_axdkAStqnHzgkSSw5Q==,archivesnationales-ht.com,https,585,0.502,-,TLSv1.3,TLS_AES_128_GCM_SHA256,Miss,HTTP/1.1,-,-,41856,0.502,Miss,text/html,727,-,-
2025-05-12,10:27:35,NRT20-P4,570,182.44.67.97,GET,d8bnainxtot1t.cloudfront.net,/,301,-,"Mozilla/5.0%20(iPhone;%20CPU%20iPhone%20OS%2013_2_3%20like%20Mac%20OS%20X)%20AppleWebKit/605.1.15%20(KHTML,%20like%20Gecko)%20Version/13.0.3%20Mobile/15E148%20Safari/604.1",-,-,Redirect,syJPkZ9AaaRP1Q9uls8oeBnJ3UTmKobnnntnK2vDOxo6ra8UjC0Efg==,archivesnationales-ht.com,http,542,0.002,-,-,-,Redirect,HTTP/1.1,-,-,55606,0.002,Redirect,text/html,167,-,-
2025-05-12,23:26:37,LAX50-P4,1222,101.91.148.219,GET,d8bnainxtot1t.cloudfront.net,/,200,http://archivesnationales-ht.com,"Mozilla/5.0%20(iPhone;%20CPU%20iPhone%20OS%2013_2_3%20like%20Mac%20OS%20X)%20AppleWebKit/605.1.15%20(KHTML,%20like%20Gecko)%20Version/13.0.3%20Mobile/15E148%20Safari/604.1",-,-,Hit,XBRoUuDrMaKAusofMtiysOideIrGUZ39GZYJMiGph15FLhXMVcpF8w==,archivesnationales-ht.com,https,585,0.010,-,TLSv1.3,TLS_AES_128_GCM_SHA256,Hit,HTTP/1.1,-,-,33748,0.010,Hit,text/html,727,-,-
2025-05-12,23:26:36,LAX50-P4,570,101.91.148.219,GET,d8bnainxtot1t.cloudfront.net,/,301,-,"Mozilla/5.0%20(iPhone;%20CPU%20iPhone%20OS%2013_2_3%20like%20Mac%20OS%20X)%20AppleWebKit/605.1.15%20(KHTML,%20like%20Gecko)%20Version/13.0.3%20Mobile/15E148%20Safari/604.1",-,-,Redirect,Mdk-qE5YVmIoTnTC5x05YXEWDTofvRNas7lGX7Ow4EoDNiTNnJOLcg==,archivesnationales-ht.com,http,542,0.004,-,-,-,Redirect,HTTP/1.1,-,-,38779,0.004,Redirect,text/html,167,-,-
